district,year,season,temperature_avg_c,temperature_max_c,temperature_min_c,rainfall_mm_total,humidity_percent,solar_radiation_mj_m2_day,wind_speed_m_s
Ampara,2000,Maha,27.293472,34.16,23.65,706.93,77.85977,17.383333,4.338263
Ampara,2000,Yala,29.430916,36.52,25.6,290.28,69.23804,21.324444,4.0262747
Ampara,2001,Maha,27.185848,35.22,22.07,901.01,78.10915,18.786463,3.9109905
Ampara,2001,Yala,29.30392,34.69,25.35,369.25,71.558624,21.286144,3.7362092
Ampara,2002,Maha,27.411179,35.47,23.33,955.17,78.288734,18.130896,4.147264
Ampara,2002,Yala,29.320786,35.1,26.04,345.73,72.34503,21.082092,3.7670586
Ampara,2003,Maha,27.503115,35.05,23.79,897.65,78.1634,18.100803,4.2325945
Ampara,2003,Yala,29.160915,33.88,25.83,251.44,74.373535,20.77379,3.6528106
Ampara,2004,Maha,27.24061,34.08,23.46,1435.17,79.34385,17.78366,4.4403753
Ampara,2004,Yala,29.428041,35.07,26.03,275.52,71.33967,21.233988,4.078039
Ampara,2005,Maha,27.363161,35.71,23.88,900.74,78.93071,18.186274,4.1511793
Ampara,2005,Yala,29.451635,35.02,25.97,283.06,73.16719,21.215816,3.746601
Ampara,2006,Maha,27.029104,34.53,22.98,1347.56,80.45349,17.390896,4.2759905
Ampara,2006,Yala,29.243725,34.76,25.82,265.9,72.04935,21.383333,3.7603269
Ampara,2007,Maha,26.986605,33.26,23.34,962.43,77.97477,18.288868,4.370802
Ampara,2007,Yala,28.93706,34.15,26.0,440.35,75.32359,20.422613,3.60732
Ampara,2008,Maha,27.23291,34.52,23.74,1180.86,78.90276,18.018217,4.1342254
Ampara,2008,Yala,28.276405,33.68,25.67,321.07,78.0034,20.887386,3.5471244
Ampara,2009,Maha,27.442451,34.47,23.45,1202.91,76.09576,18.434057,4.0642924
Ampara,2009,Yala,29.19438,34.62,26.0,354.99,73.60183,20.820131,3.9273202
Ampara,2010,Maha,27.172688,33.7,23.95,1654.32,79.47052,17.996462,3.8697171
Ampara,2010,Yala,28.83536,34.01,25.63,582.12,76.86033,20.768694,3.7920916
Ampara,2011,Maha,27.097311,34.02,22.7,2584.8801,80.44038,16.977453,4.1334906
Ampara,2011,Yala,28.50719,32.99,25.66,402.62,76.48791,21.468431,3.549477
Ampara,2012,Maha,27.118074,34.15,23.8,1598.13,78.93723,18.22784,3.9199061
Ampara,2012,Yala,29.169216,34.99,25.22,318.92,72.75503,21.303398,3.7969935
Ampara,2013,Maha,27.362358,34.18,23.8,1376.73,78.68174,17.81901,4.1281605
Ampara,2013,Yala,28.559608,33.81,25.65,411.66,76.71209,20.687386,3.9566011
Ampara,2014,Maha,27.224623,35.08,23.82,1932.52,78.87774,17.195518,4.193066
Ampara,2014,Yala,29.348495,34.34,25.73,354.06,72.69915,21.22085,3.9631371
Ampara,2015,Maha,27.166462,33.2,24.14,1554.11,81.32123,17.871132,4.0042925
Ampara,2015,Yala,28.733986,33.26,26.02,586.16,78.126274,21.36477,3.755425
Ampara,2016,Maha,27.962019,35.56,23.77,591.62,75.298546,19.051174,4.008122
Ampara,2016,Yala,29.42059,34.55,25.87,646.36,74.058624,21.043007,4.1842484
Ampara,2017,Maha,27.330519,34.22,23.59,1170.42,78.22759,18.64014,4.031415
Ampara,2017,Yala,29.467583,34.82,26.21,349.26,72.70843,21.534903,3.440719
Ampara,2018,Maha,27.11835,33.4,23.06,933.16,79.58411,17.923775,4.026368
Ampara,2018,Yala,28.493988,33.03,25.66,579.6,77.69778,20.562222,4.0555553
Ampara,2019,Maha,27.377642,33.72,24.15,1328.64,79.92911,18.00033,4.0745754
Ampara,2019,Yala,29.82732,36.43,25.69,304.93,71.52621,20.877974,3.984183
Ampara,2020,Maha,27.618217,33.21,24.66,998.03,77.87155,18.827888,4.1150703
Ampara,2020,Yala,29.20771,34.2,25.62,474.14,74.79856,20.326014,3.6858823
Ampara,2021,Maha,27.331367,32.56,24.51,1702.78,80.652596,17.768679,3.9554718
Ampara,2021,Yala,28.688627,33.06,25.57,525.82,77.59124,20.662157,3.6666667
Ampara,2022,Maha,27.176792,32.02,22.46,1435.32,80.44765,18.133537,4.0934434
Ampara,2022,Yala,28.410717,32.71,25.19,771.32,79.069084,20.302681,3.6725492
Ampara,2023,Maha,27.290707,32.59,23.81,1872.11,81.80958,17.366085,4.3596697
Ampara,2023,Yala,29.238237,34.8,25.94,505.43,75.93817,21.35608,3.6315687
Ampara,2024,Maha,27.928265,34.79,24.68,1363.68,80.003525,18.584696,4.0328636
Ampara,2024,Yala,29.677256,34.23,26.34,449.44998,75.68405,20.383139,3.9315033
Ampara,2025,Maha,27.561415,34.32,23.32,1586.73,79.69146,17.599669,4.1425
Ampara,2025,Yala,28.938433,33.84,25.53,467.02,76.1566,20.952484,3.8316338
Anuradhapura,2000,Maha,26.399343,38.09,16.7,727.88,76.48714,18.089296,4.255587
Anuradhapura,2000,Yala,28.438433,40.16,23.13,271.58,70.23699,20.950653,5.9706535
Anuradhapura,2001,Maha,25.98566,39.93,15.01,711.38,79.48443,18.371414,4.0379243
Anuradhapura,2001,Yala,27.573399,38.94,22.96,431.63,77.42549,20.643202,5.42902
Anuradhapura,2002,Maha,26.220095,38.49,17.21,895.45,79.52934,18.4567,4.0607076
Anuradhapura,2002,Yala,28.523792,38.12,22.33,221.17,72.59065,20.685555,5.815948
Anuradhapura,2003,Maha,26.13231,37.82,18.4,701.36,80.41292,18.452784,4.3120284
Anuradhapura,2003,Yala,28.39144,38.2,22.22,235.69,73.79189,20.353464,5.394967
Anuradhapura,2004,Maha,26.37263,39.35,17.31,936.55,77.84728,17.802582,4.211925
Anuradhapura,2004,Yala,28.426407,41.5,23.57,285.89,72.11575,20.454313,5.8387585
Anuradhapura,2005,Maha,25.856604,37.05,17.73,829.37,82.033775,18.118916,4.0966983
Anuradhapura,2005,Yala,28.236471,37.76,23.21,260.67,75.19033,20.523335,5.5867977
Anuradhapura,2006,Maha,25.526133,35.64,15.98,1042.68,83.45779,17.75816,3.905
Anuradhapura,2006,Yala,28.311306,37.65,22.16,212.06,72.581635,21.114706,5.814314
Anuradhapura,2007,Maha,25.676603,38.82,17.32,880.26,79.540184,18.473349,4.1657076
Anuradhapura,2007,Yala,28.254839,38.43,22.99,249.95,73.838234,19.741896,5.5111113
Anuradhapura,2008,Maha,25.859625,38.4,17.32,992.33997,80.96348,17.809954,3.8924415
Anuradhapura,2008,Yala,27.23111,35.76,21.96,224.87,79.16104,20.587711,5.440915
Anuradhapura,2009,Maha,26.114058,38.13,17.36,971.71,78.18142,18.661085,4.0570755
Anuradhapura,2009,Yala,28.16255,38.04,22.82,281.8,74.66261,19.891176,6.0632677
Anuradhapura,2010,Maha,25.578255,37.73,17.06,1245.46,83.42821,17.63849,3.8556132
Anuradhapura,2010,Yala,28.20294,38.86,22.81,380.82,75.63575,20.174706,5.3699346
Anuradhapura,2011,Maha,25.547075,36.91,17.97,1624.87,84.40279,17.210331,3.9219341
Anuradhapura,2011,Yala,27.252811,35.33,19.27,398.53,79.43752,20.719934,5.3877125
Anuradhapura,2012,Maha,25.826668,37.39,18.06,1488.4,81.68582,18.047888,3.787183
Anuradhapura,2012,Yala,28.598824,37.4,22.25,167.18,70.9749,20.804836,6.16098
Anuradhapura,2013,Maha,25.66599,36.13,18.19,1051.54,82.962975,17.758396,4.1187263
Anuradhapura,2013,Yala,27.294771,35.5,21.62,293.8,80.05267,20.10974,5.5444446
Anuradhapura,2014,Maha,26.081652,39.56,17.6,1564.07,80.291695,17.153255,4.0450473
Anuradhapura,2014,Yala,28.246014,40.14,23.01,370.61002,75.29863,20.70438,5.4169936
Anuradhapura,2015,Maha,25.475803,36.07,18.11,1496.62,86.25405,17.821274,3.6332548
Anuradhapura,2015,Yala,27.380913,36.36,22.6,483.07,81.78163,20.67706,4.918954
Anuradhapura,2016,Maha,26.463615,38.21,17.02,544.47003,77.8332,18.916948,4.023709
Anuradhapura,2016,Yala,28.258955,38.59,23.13,538.24,76.6766,20.498169,5.0942483
Anuradhapura,2017,Maha,26.076273,35.48,17.55,807.36,79.26406,18.574717,3.9192924
Anuradhapura,2017,Yala,28.726013,38.19,21.53,309.52,72.785225,20.88451,5.30098
Anuradhapura,2018,Maha,26.20585,39.07,17.19,820.76,78.79708,18.121603,3.6134906
Anuradhapura,2018,Yala,27.716995,37.54,22.32,436.46,78.26314,20.009672,5.329608
Anuradhapura,2019,Maha,26.222689,40.15,18.18,1270.77,81.00981,18.473679,3.610236
Anuradhapura,2019,Yala,29.662418,40.18,22.14,196.65,67.34902,20.848627,5.733268
Anuradhapura,2020,Maha,26.14601,37.41,18.58,986.72,81.35262,18.153334,4.209671
Anuradhapura,2020,Yala,28.326078,38.5,20.76,434.0,75.57581,20.23562,4.870915
Anuradhapura,2021,Maha,25.610376,35.08,17.62,1404.25,85.76226,18.009104,3.8678772
Anuradhapura,2021,Yala,27.730131,36.13,21.65,413.29,79.058304,20.466145,5.1467977
Anuradhapura,2022,Maha,25.667217,35.44,16.58,1060.85,83.80976,17.889057,3.8570282
Anuradhapura,2022,Yala,27.2383,35.43,22.44,571.63,81.53869,19.835033,5.098954
Anuradhapura,2023,Maha,25.849152,36.75,17.32,1752.58,84.791275,17.51401,3.8594341
Anuradhapura,2023,Yala,28.363462,38.83,22.23,308.95,76.10582,20.884642,5.0982356
Anuradhapura,2024,Maha,26.410046,37.0,18.88,1008.65,83.663895,18.252724,4.007277
Anuradhapura,2024,Yala,28.918955,39.71,23.33,382.55,75.41098,19.76268,5.0299997
Anuradhapura,2025,Maha,25.859575,36.59,18.68,1507.38,84.483116,17.442265,3.936934
Anuradhapura,2025,Yala,27.805033,37.4,22.43,366.02,79.562744,20.769478,5.372157
Badulla,2000,Maha,24.80413,35.87,14.58,573.1,78.128494,18.222067,3.3629577
Badulla,2000,Yala,27.258823,37.96,20.81,224.42,64.50595,20.717974,4.582484
Badulla,2001,Maha,24.346699,36.99,12.99,807.6,80.30137,19.25698,3.1183019
Badulla,2001,Yala,26.78876,36.13,21.23,284.5,69.219086,20.389347,4.260392
Badulla,2002,Maha,24.675943,37.07,14.49,817.73,80.44896,18.945896,3.2210376
Badulla,2002,Yala,26.724966,35.85,20.72,360.07,71.20699,20.441439,4.2784967
Badulla,2003,Maha,24.385141,36.75,15.84,736.81,82.30033,19.327925,3.3888206
Badulla,2003,Yala,26.212614,35.26,20.37,335.46,75.94242,20.14634,3.8625488
Badulla,2004,Maha,24.517136,37.15,14.28,1120.33,81.87324,18.50216,3.2504694
Badulla,2004,Yala,26.87876,37.78,21.06,290.39,68.92209,20.862091,4.6427455
Badulla,2005,Maha,24.20316,36.42,15.29,887.51,83.60028,19.034622,3.1722643
Badulla,2005,Yala,26.487583,35.65,20.93,316.05,74.46719,20.74085,3.9446406
Badulla,2006,Maha,23.649858,34.64,13.18,1402.78,86.98307,17.69066,3.1807075
Badulla,2006,Yala,26.258104,36.2,20.06,286.65,73.24621,20.586666,4.2013073
Badulla,2007,Maha,23.540472,33.02,15.37,933.81,84.351326,18.99481,3.2599528
Badulla,2007,Yala,26.004444,34.18,21.24,432.56,76.69471,20.46778,3.7635295
Badulla,2008,Maha,24.001034,35.74,15.39,1082.07,84.23178,18.643616,2.9397182
Badulla,2008,Yala,24.918365,32.99,20.46,440.85,82.80477,20.279346,3.6672552
Badulla,2009,Maha,24.405802,36.3,15.5,1137.14,79.95401,19.300802,3.1109908
Badulla,2009,Yala,26.13255,34.72,20.38,430.72,75.25137,20.75464,4.276536
Badulla,2010,Maha,23.721085,33.3,15.87,1588.83,85.72076,18.89151,2.9207547
Badulla,2010,Yala,25.306993,32.54,20.27,717.27997,82.162025,20.27804,3.6815689
Badulla,2011,Maha,23.810425,35.07,15.7,2154.04,86.636505,17.830849,2.9553773
Badulla,2011,Yala,24.870588,32.1,18.56,488.65,82.412155,20.925425,3.7288237
Badulla,2012,Maha,23.713615,34.95,15.52,1486.55,85.63183,18.90601,2.760751
Badulla,2012,Yala,25.695555,34.75,19.0,436.58,77.3,20.92353,4.1360784
Badulla,2013,Maha,23.899858,34.82,16.04,1261.98,85.57052,18.510141,3.1400943
Badulla,2013,Yala,25.091764,33.46,20.56,512.95,81.76503,20.072615,4.0194116
Badulla,2014,Maha,24.104008,35.11,14.37,1698.98,83.67584,18.71665,3.0605662
Badulla,2014,Yala,26.57268,35.88,20.22,412.35,72.45758,20.839804,4.2181044
Badulla,2015,Maha,23.65481,31.7,15.98,1831.03,88.90043,18.869009,2.7599056
Badulla,2015,Yala,25.034967,31.8,20.41,701.02,84.87693,20.873335,3.4580393
Badulla,2016,Maha,24.579435,36.94,14.72,714.17,81.174644,19.617746,3.1004226
Badulla,2016,Yala,26.040785,35.84,20.87,531.83,77.56536,21.04647,4.099412
Badulla,2017,Maha,24.04816,34.09,14.55,1420.6901,83.944016,18.719624,2.9768398
Badulla,2017,Yala,26.232027,34.97,20.15,447.38998,76.022484,20.944641,3.726863
Badulla,2018,Maha,23.717737,34.66,13.96,940.63,86.06868,18.585142,2.6896226
Badulla,2018,Yala,24.88366,33.49,20.2,758.27,83.604515,19.690653,3.8822875
Badulla,2019,Maha,24.09953,36.21,15.72,1619.83,86.14647,17.940094,2.7962735
Badulla,2019,Yala,27.137516,37.54,20.0,378.87,70.994774,20.162354,4.13
Badulla,2020,Maha,24.128122,33.7,16.07,1081.05,84.8254,19.315962,3.173615
Badulla,2020,Yala,25.906208,35.21,18.54,616.42,79.35549,19.936144,3.4762745
Badulla,2021,Maha,23.742311,31.77,16.33,1787.66,88.63911,18.332312,2.9627357
Badulla,2021,Yala,25.039412,32.22,19.81,831.12,84.825096,20.367647,3.5426145
Badulla,2022,Maha,23.669199,31.63,15.38,1540.74,87.57538,18.417643,2.963962
Badulla,2022,Yala,24.951504,31.29,20.27,1089.67,85.1881,19.975752,3.7322223
Badulla,2023,Maha,23.796036,31.55,15.43,2519.37,89.58642,17.291084,3.0228772
Badulla,2023,Yala,25.589804,34.83,20.26,670.77,82.66582,21.114706,3.6451635
Badulla,2024,Maha,24.592628,34.92,16.6,1328.07,86.21944,18.95,3.0620658
Badulla,2024,Yala,26.640915,35.36,21.22,530.04,78.01451,19.758562,3.8096733
Badulla,2025,Maha,23.970379,33.89,16.25,1940.18,87.26759,18.119009,3.0865095
Badulla,2025,Yala,25.203007,33.7,20.26,684.05,83.282745,20.160719,3.8753595
Batticaloa,2000,Maha,27.293472,34.16,23.65,706.93,77.85977,17.383333,4.338263
Batticaloa,2000,Yala,29.430916,36.52,25.6,290.28,69.23804,21.324444,4.0262747
Batticaloa,2001,Maha,27.185848,35.22,22.07,901.01,78.10915,18.786463,3.9109905
Batticaloa,2001,Yala,29.30392,34.69,25.35,369.25,71.558624,21.286144,3.7362092
Batticaloa,2002,Maha,27.411179,35.47,23.33,955.17,78.288734,18.130896,4.147264
Batticaloa,2002,Yala,29.320786,35.1,26.04,345.73,72.34503,21.082092,3.7670586
Batticaloa,2003,Maha,27.503115,35.05,23.79,897.65,78.1634,18.100803,4.2325945
Batticaloa,2003,Yala,29.160915,33.88,25.83,251.44,74.373535,20.77379,3.6528106
Batticaloa,2004,Maha,27.24061,34.08,23.46,1435.17,79.34385,17.78366,4.4403753
Batticaloa,2004,Yala,29.428041,35.07,26.03,275.52,71.33967,21.233988,4.078039
Batticaloa,2005,Maha,27.363161,35.71,23.88,900.74,78.93071,18.186274,4.1511793
Batticaloa,2005,Yala,29.451635,35.02,25.97,283.06,73.16719,21.215816,3.746601
Batticaloa,2006,Maha,27.029104,34.53,22.98,1347.56,80.45349,17.390896,4.2759905
Batticaloa,2006,Yala,29.243725,34.76,25.82,265.9,72.04935,21.383333,3.7603269
Batticaloa,2007,Maha,26.986605,33.26,23.34,962.43,77.97477,18.288868,4.370802
Batticaloa,2007,Yala,28.93706,34.15,26.0,440.35,75.32359,20.422613,3.60732
Batticaloa,2008,Maha,27.23291,34.52,23.74,1180.86,78.90276,18.018217,4.1342254
Batticaloa,2008,Yala,28.276405,33.68,25.67,321.07,78.0034,20.887386,3.5471244
Batticaloa,2009,Maha,27.442451,34.47,23.45,1202.91,76.09576,18.434057,4.0642924
Batticaloa,2009,Yala,29.19438,34.62,26.0,354.99,73.60183,20.820131,3.9273202
Batticaloa,2010,Maha,27.172688,33.7,23.95,1654.32,79.47052,17.996462,3.8697171
Batticaloa,2010,Yala,28.83536,34.01,25.63,582.12,76.86033,20.768694,3.7920916
Batticaloa,2011,Maha,27.097311,34.02,22.7,2584.8801,80.44038,16.977453,4.1334906
Batticaloa,2011,Yala,28.50719,32.99,25.66,402.62,76.48791,21.468431,3.549477
Batticaloa,2012,Maha,27.118074,34.15,23.8,1598.13,78.93723,18.22784,3.9199061
Batticaloa,2012,Yala,29.169216,34.99,25.22,318.92,72.75503,21.303398,3.7969935
Batticaloa,2013,Maha,27.362358,34.18,23.8,1376.73,78.68174,17.81901,4.1281605
Batticaloa,2013,Yala,28.559608,33.81,25.65,411.66,76.71209,20.687386,3.9566011
Batticaloa,2014,Maha,27.224623,35.08,23.82,1932.52,78.87774,17.195518,4.193066
Batticaloa,2014,Yala,29.348495,34.34,25.73,354.06,72.69915,21.22085,3.9631371
Batticaloa,2015,Maha,27.166462,33.2,24.14,1554.11,81.32123,17.871132,4.0042925
Batticaloa,2015,Yala,28.733986,33.26,26.02,586.16,78.126274,21.36477,3.755425
Batticaloa,2016,Maha,27.962019,35.56,23.77,591.62,75.298546,19.051174,4.008122
Batticaloa,2016,Yala,29.42059,34.55,25.87,646.36,74.058624,21.043007,4.1842484
Batticaloa,2017,Maha,27.330519,34.22,23.59,1170.42,78.22759,18.64014,4.031415
Batticaloa,2017,Yala,29.467583,34.82,26.21,349.26,72.70843,21.534903,3.440719
Batticaloa,2018,Maha,27.11835,33.4,23.06,933.16,79.58411,17.923775,4.026368
Batticaloa,2018,Yala,28.493988,33.03,25.66,579.6,77.69778,20.562222,4.0555553
Batticaloa,2019,Maha,27.377642,33.72,24.15,1328.64,79.92911,18.00033,4.0745754
Batticaloa,2019,Yala,29.82732,36.43,25.69,304.93,71.52621,20.877974,3.984183
Batticaloa,2020,Maha,27.618217,33.21,24.66,998.03,77.87155,18.827888,4.1150703
Batticaloa,2020,Yala,29.20771,34.2,25.62,474.14,74.79856,20.326014,3.6858823
Batticaloa,2021,Maha,27.331367,32.56,24.51,1702.78,80.652596,17.768679,3.9554718
Batticaloa,2021,Yala,28.688627,33.06,25.57,525.82,77.59124,20.662157,3.6666667
Batticaloa,2022,Maha,27.176792,32.02,22.46,1435.32,80.44765,18.133537,4.0934434
Batticaloa,2022,Yala,28.410717,32.71,25.19,771.32,79.069084,20.302681,3.6725492
Batticaloa,2023,Maha,27.290707,32.59,23.81,1872.11,81.80958,17.366085,4.3596697
Batticaloa,2023,Yala,29.238237,34.8,25.94,505.43,75.93817,21.35608,3.6315687
Batticaloa,2024,Maha,27.928265,34.79,24.68,1363.68,80.003525,18.584696,4.0328636
Batticaloa,2024,Yala,29.677256,34.23,26.34,449.44998,75.68405,20.383139,3.9315033
Batticaloa,2025,Maha,27.561415,34.32,23.32,1586.73,79.69146,17.599669,4.1425
Batticaloa,2025,Yala,28.938433,33.84,25.53,467.02,76.1566,20.952484,3.8316338
Colombo,2000,Maha,26.263193,34.25,18.79,659.56,79.314835,19.723005,4.2186384
Colombo,2000,Yala,26.668432,32.6,23.23,528.8,82.33922,20.112549,5.471634
Colombo,2001,Maha,26.300707,34.29,18.98,659.68,79.19637,20.395094,4.2154245
Colombo,2001,Yala,26.633791,34.09,23.19,581.82,84.500984,20.725817,4.9037256
Colombo,2002,Maha,26.741463,35.54,19.44,963.25,77.867836,20.405943,4.031038
Colombo,2002,Yala,26.77915,33.71,23.53,597.53,84.33202,20.830065,4.9267974
Colombo,2003,Maha,26.301369,32.65,19.91,800.58,80.90637,20.836319,4.127123
Colombo,2003,Yala,26.97549,34.03,24.1,577.01,84.319016,19.692352,4.833595
Colombo,2004,Maha,26.70474,35.54,19.13,971.14,78.262955,20.338875,4.1916904
Colombo,2004,Yala,26.991373,33.7,23.91,568.51,82.46889,20.260326,5.4057517
Colombo,2005,Maha,26.012548,32.67,19.9,1207.68,82.817505,19.854057,4.153349
Colombo,2005,Yala,26.900982,31.36,24.04,604.55,84.95425,20.690197,5.0081043
Colombo,2006,Maha,25.728018,30.68,18.18,1590.48,84.47575,19.790236,4.025
Colombo,2006,Yala,26.552221,30.74,23.4,638.61,85.161896,19.725687,4.944248
Colombo,2007,Maha,25.773819,33.36,19.14,965.63,81.68698,20.28467,4.0696697
Colombo,2007,Yala,26.607712,31.31,23.51,788.47,85.767914,19.848953,4.685033
Colombo,2008,Maha,25.88249,30.56,19.75,1108.77,82.781265,20.311266,3.7677934
Colombo,2008,Yala,26.224445,29.96,23.49,921.68,86.98471,19.489868,4.847582
Colombo,2009,Maha,26.114765,33.94,19.15,1144.8,80.2942,20.992218,3.6920753
Colombo,2009,Yala,26.591568,32.05,23.82,821.47003,86.454315,19.912025,5.16549
Colombo,2010,Maha,25.84236,33.34,19.68,1546.26,83.0309,19.929104,3.9357076
Colombo,2010,Yala,26.606928,31.62,23.32,1302.99,87.22523,19.03647,4.7719607
Colombo,2011,Maha,25.790188,30.29,19.52,1350.6,84.37406,19.872925,4.0082073
Colombo,2011,Yala,26.313595,30.51,23.65,919.83,87.01105,20.631243,4.7691503
Colombo,2012,Maha,26.021408,31.48,19.44,1586.73,81.906105,20.139437,3.463521
Colombo,2012,Yala,26.57804,30.38,23.77,852.86,85.22314,20.345295,5.1415033
Colombo,2013,Maha,25.91382,31.22,20.1,1195.06,83.58519,19.992546,4.0284433
Colombo,2013,Yala,26.350653,30.91,23.98,1019.34,87.65673,19.676666,5.0867977
Colombo,2014,Maha,26.126698,34.26,19.05,1501.33,81.75288,20.104906,3.6612263
Colombo,2014,Yala,26.797321,32.95,23.7,877.31,85.97575,20.044706,4.9115686
Colombo,2015,Maha,26.098112,31.94,19.84,1628.72,83.53066,20.272972,3.5582078
Colombo,2015,Yala,26.868694,31.13,24.17,812.15,85.926735,20.583792,4.5452943
Colombo,2016,Maha,26.37507,32.48,19.06,742.93,81.25192,21.120516,3.9415963
Colombo,2016,Yala,27.030914,32.63,24.02,898.1,85.5151,20.809086,4.9473205
Colombo,2017,Maha,26.173773,32.3,18.93,1229.75,81.03014,20.089293,3.881321
Colombo,2017,Yala,27.01817,32.15,24.34,609.47,84.60667,20.908497,5.015294
Colombo,2018,Maha,26.114481,32.29,19.19,1035.35,81.28019,20.062923,3.399481
Colombo,2018,Yala,26.48294,32.9,23.44,1008.66,86.91784,19.501503,4.7442484
Colombo,2019,Maha,26.430376,33.57,20.02,1637.12,81.82245,20.018162,3.3667924
Colombo,2019,Yala,27.428236,33.47,23.35,739.9,82.45791,19.43464,4.9402614
Colombo,2020,Maha,26.547558,33.26,20.43,1017.42,81.55897,20.664928,3.7881691
Colombo,2020,Yala,27.153334,33.88,23.69,944.45,84.21771,19.993334,4.4479084
Colombo,2021,Maha,26.143444,31.62,20.45,1567.23,83.74113,19.594717,3.9289622
Colombo,2021,Yala,26.76523,32.02,24.11,1204.58,86.560196,20.304314,4.8368626
Colombo,2022,Maha,26.045284,31.4,20.07,1269.62,83.03736,20.031038,4.083255
Colombo,2022,Yala,26.509542,30.69,23.62,1166.22,86.996346,19.238693,5.1188235
Colombo,2023,Maha,26.199339,30.95,19.25,2146.87,84.2242,18.734812,3.9473586
Colombo,2023,Yala,27.232157,31.81,24.05,814.73,84.86438,20.756733,4.6383004
Colombo,2024,Maha,26.780657,33.53,20.52,1066.72,83.09864,19.97202,3.8738499
Colombo,2024,Yala,27.589151,34.02,24.04,925.27,85.077644,18.588432,4.6083007
Colombo,2025,Maha,26.219952,31.74,20.62,1937.93,84.02576,19.436838,4.073302
Colombo,2025,Yala,26.868364,30.92,24.1,852.15,87.21706,19.986666,4.816144
Galle,2000,Maha,27.065119,30.9,24.03,707.17,79.890335,17.644695,4.405352
Galle,2000,Yala,27.344116,30.08,24.82,549.74,83.46203,17.902681,6.748366
Galle,2001,Maha,27.121273,31.44,24.1,697.26,79.61382,18.427925,4.3474526
Galle,2001,Yala,27.474836,30.35,24.64,512.64,83.96764,18.332941,6.093529
Galle,2002,Maha,27.462593,32.05,24.18,1001.59,78.73934,18.484386,4.1290092
Galle,2002,Yala,27.526405,30.99,25.09,574.04,83.80059,18.039085,5.9414377
Galle,2003,Maha,27.252642,30.79,24.22,822.78,80.39373,18.695189,4.1773114
Galle,2003,Yala,27.844053,30.94,25.43,653.77,83.44112,17.89255,5.9847713
Galle,2004,Maha,27.326525,31.29,24.16,1091.73,79.658966,17.95695,3.8979814
Galle,2004,Yala,27.741243,30.33,25.63,598.45,82.97595,18.217909,6.6615033
Galle,2005,Maha,27.099102,30.19,24.0,1053.35,81.51896,18.10481,4.841792
Galle,2005,Yala,27.729805,30.43,25.41,600.18,84.02693,18.552092,6.059804
Galle,2006,Maha,26.979292,29.76,23.56,1550.42,81.43354,17.389246,3.8009906
Galle,2006,Yala,27.511501,29.76,25.56,670.54,84.12144,18.299608,6.0931373
Galle,2007,Maha,26.916319,29.73,23.74,1144.42,80.11495,18.339859,4.2275944
Galle,2007,Yala,27.559149,29.76,25.35,930.15,84.46784,18.00111,5.8107843
Galle,2008,Maha,27.060093,29.45,24.01,1093.96,80.2362,18.024038,3.7637088
Galle,2008,Yala,27.306797,29.02,25.82,937.36,84.340454,17.413857,5.9244447
Galle,2009,Maha,27.0875,30.06,24.05,1151.15,79.8358,18.588396,3.9179716
Galle,2009,Yala,27.64974,30.11,25.49,953.45,84.2115,17.791634,6.4869933
Galle,2010,Maha,27.066227,30.72,24.11,1631.08,80.78019,17.923443,4.5375943
Galle,2010,Yala,27.7151,30.26,25.81,1335.14,84.494446,17.381046,5.965883
Galle,2011,Maha,27.005568,29.63,23.8,1612.62,81.75679,17.338963,4.1381135
Galle,2011,Yala,27.444313,29.08,25.81,928.04,84.30255,18.328629,5.9146404
Galle,2012,Maha,27.048733,29.47,23.56,1742.28,80.085815,18.221548,3.561925
Galle,2012,Yala,27.631111,29.63,25.59,949.27,82.878365,18.433006,6.064771
Galle,2013,Maha,27.127405,30.07,24.26,1330.36,80.61788,17.755472,3.9229717
Galle,2013,Yala,27.416603,29.96,25.58,1054.9,85.195755,17.491241,6.2028756
Galle,2014,Maha,27.068161,30.32,23.54,1560.61,80.87585,17.86467,4.0214148
Galle,2014,Yala,27.708824,29.93,25.86,928.55,84.3783,18.092354,6.1136603
Galle,2015,Maha,27.240896,29.79,24.39,1873.79,80.81118,18.084717,3.631604
Galle,2015,Yala,27.975426,29.66,25.8,941.04,83.199936,18.444706,5.537778
Galle,2016,Maha,27.410658,30.7,24.49,991.36,80.14972,18.919483,4.08108
Galle,2016,Yala,27.992155,30.92,25.44,987.56,83.72202,18.437319,6.047647
Galle,2017,Maha,27.143208,30.04,23.49,1536.83,80.08344,18.11099,3.975236
Galle,2017,Yala,27.850197,29.83,26.21,796.82,83.96451,18.685947,6.175033
Galle,2018,Maha,27.096603,29.65,23.6,1330.89,80.44326,18.640047,3.5976415
Galle,2018,Yala,27.443203,30.18,24.78,1084.97,85.27516,17.365294,5.817909
Galle,2019,Maha,27.32269,30.36,24.07,1840.87,80.96943,17.979057,3.497453
Galle,2019,Yala,28.241438,30.39,25.38,883.51,81.84497,18.209085,5.732484
Galle,2020,Maha,27.545164,30.22,24.87,1150.59,80.45573,19.064741,4.13831
Galle,2020,Yala,28.12379,30.72,25.38,951.91,82.716934,18.449411,5.623922
Galle,2021,Maha,27.327217,30.06,24.17,1689.89,81.15548,17.708916,4.2373586
Galle,2021,Yala,27.879803,29.87,25.96,983.13,83.41287,18.46183,6.011961
Galle,2022,Maha,27.248444,29.91,25.03,1290.07,80.636086,18.02118,4.355613
Galle,2022,Yala,27.619673,29.96,25.47,1026.97,84.371895,17.396404,6.4599347
Galle,2023,Maha,27.40684,29.99,23.72,2466.38,81.24085,16.866934,3.8884904
Galle,2023,Yala,28.242615,30.78,26.72,788.3,83.07686,18.643333,5.7709804
Galle,2024,Maha,27.89507,30.78,24.99,1220.47,81.33267,18.574368,4.2729106
Galle,2024,Yala,28.54294,31.5,26.55,935.19,83.46405,17.341242,5.7297387
Galle,2025,Maha,27.462643,30.55,24.1,2252.04,81.59764,17.706179,4.0783963
Galle,2025,Yala,27.879478,29.84,25.77,817.09,85.38092,18.063988,5.9524183
Gampaha,2000,Maha,26.263193,34.25,18.79,659.56,79.314835,17.801502,4.2186384
Gampaha,2000,Yala,26.668432,32.6,23.23,528.8,82.33922,19.136797,5.471634
Gampaha,2001,Maha,26.300707,34.29,18.98,659.68,79.19637,18.612028,4.2154245
Gampaha,2001,Yala,26.633791,34.09,23.19,581.82,84.500984,19.16889,4.9037256
Gampaha,2002,Maha,26.741463,35.54,19.44,963.25,77.867836,18.761745,4.031038
Gampaha,2002,Yala,26.77915,33.71,23.53,597.53,84.33202,18.86281,4.9267974
Gampaha,2003,Maha,26.301369,32.65,19.91,800.58,80.90637,18.701698,4.127123
Gampaha,2003,Yala,26.97549,34.03,24.1,577.01,84.319016,19.199543,4.833595
Gampaha,2004,Maha,26.70474,35.54,19.13,971.14,78.262955,18.035587,4.1916904
Gampaha,2004,Yala,26.991373,33.7,23.91,568.51,82.46889,18.94745,5.4057517
Gampaha,2005,Maha,26.012548,32.67,19.9,1207.68,82.817505,18.197218,4.153349
Gampaha,2005,Yala,26.900982,31.36,24.04,604.55,84.95425,19.264313,5.0081043
Gampaha,2006,Maha,25.728018,30.68,18.18,1590.48,84.47575,17.843775,4.025
Gampaha,2006,Yala,26.552221,30.74,23.4,638.61,85.161896,19.427124,4.944248
Gampaha,2007,Maha,25.773819,33.36,19.14,965.63,81.68698,18.504528,4.0696697
Gampaha,2007,Yala,26.607712,31.31,23.51,788.47,85.767914,18.654118,4.685033
Gampaha,2008,Maha,25.88249,30.56,19.75,1108.77,82.781265,18.06202,3.7677934
Gampaha,2008,Yala,26.224445,29.96,23.49,921.68,86.98471,18.77974,4.847582
Gampaha,2009,Maha,26.114765,33.94,19.15,1144.8,80.2942,18.93514,3.6920753
Gampaha,2009,Yala,26.591568,32.05,23.82,821.47003,86.454315,18.455034,5.16549
Gampaha,2010,Maha,25.84236,33.34,19.68,1546.26,83.0309,17.859245,3.9357076
Gampaha,2010,Yala,26.606928,31.62,23.32,1302.99,87.22523,18.625097,4.7719607
Gampaha,2011,Maha,25.790188,30.29,19.52,1350.6,84.37406,17.453962,4.0082073
Gampaha,2011,Yala,26.313595,30.51,23.65,919.83,87.01105,19.172417,4.7691503
Gampaha,2012,Maha,26.021408,31.48,19.44,1586.73,81.906105,18.573803,3.463521
Gampaha,2012,Yala,26.57804,30.38,23.77,852.86,85.22314,19.402353,5.1415033
Gampaha,2013,Maha,25.91382,31.22,20.1,1195.06,83.58519,17.95118,4.0284433
Gampaha,2013,Yala,26.350653,30.91,23.98,1019.34,87.65673,18.232876,5.0867977
Gampaha,2014,Maha,26.126698,34.26,19.05,1501.33,81.75288,17.483679,3.6612263
Gampaha,2014,Yala,26.797321,32.95,23.7,877.31,85.97575,19.067387,4.9115686
Gampaha,2015,Maha,26.098112,31.94,19.84,1628.72,83.53066,18.253254,3.5582078
Gampaha,2015,Yala,26.868694,31.13,24.17,812.15,85.926735,19.633007,4.5452943
Gampaha,2016,Maha,26.37507,32.48,19.06,742.93,81.25192,19.135586,3.9415963
Gampaha,2016,Yala,27.030914,32.63,24.02,898.1,85.5151,19.157843,4.9473205
Gampaha,2017,Maha,26.173773,32.3,18.93,1229.75,81.03014,18.485565,3.881321
Gampaha,2017,Yala,27.01817,32.15,24.34,609.47,84.60667,20.14451,5.015294
Gampaha,2018,Maha,26.114481,32.29,19.19,1035.35,81.28019,18.944433,3.399481
Gampaha,2018,Yala,26.48294,32.9,23.44,1008.66,86.91784,18.702353,4.7442484
Gampaha,2019,Maha,26.430376,33.57,20.02,1637.12,81.82245,18.783585,3.3667924
Gampaha,2019,Yala,27.428236,33.47,23.35,739.9,82.45791,19.826994,4.9402614
Gampaha,2020,Maha,26.547558,33.26,20.43,1017.42,81.55897,18.999296,3.7881691
Gampaha,2020,Yala,27.153334,33.88,23.69,944.45,84.21771,19.603138,4.4479084
Gampaha,2021,Maha,26.143444,31.62,20.45,1567.23,83.74113,18.219292,3.9289622
Gampaha,2021,Yala,26.76523,32.02,24.11,1204.58,86.560196,19.690523,4.8368626
Gampaha,2022,Maha,26.045284,31.4,20.07,1269.62,83.03736,18.174387,4.083255
Gampaha,2022,Yala,26.509542,30.69,23.62,1166.22,86.996346,18.684444,5.1188235
Gampaha,2023,Maha,26.199339,30.95,19.25,2146.87,84.2242,17.630566,3.9473586
Gampaha,2023,Yala,27.232157,31.81,24.05,814.73,84.86438,20.161371,4.6383004
Gampaha,2024,Maha,26.780657,33.53,20.52,1066.72,83.09864,18.68878,3.8738499
Gampaha,2024,Yala,27.589151,34.02,24.04,925.27,85.077644,18.637123,4.6083007
Gampaha,2025,Maha,26.219952,31.74,20.62,1937.93,84.02576,17.790188,4.073302
Gampaha,2025,Yala,26.868364,30.92,24.1,852.15,87.21706,19.167452,4.816144
Hambantota,2000,Maha,27.100048,30.95,23.37,702.97,80.192955,18.222067,5.476667
Hambantota,2000,Yala,27.749413,31.88,25.42,358.21,80.439476,20.717974,7.6355553
Hambantota,2001,Maha,26.96802,32.06,21.75,1022.28,80.81472,19.25698,5.492453
Hambantota,2001,Yala,27.867125,32.55,24.89,492.42,80.95098,20.389347,6.9058166
Hambantota,2002,Maha,27.198679,31.27,22.92,1128.98,81.004005,18.945896,5.5850472
Hambantota,2002,Yala,27.767973,31.54,24.66,566.41,81.74595,20.441439,6.5913725
Hambantota,2003,Maha,27.068161,30.53,23.55,889.99,82.008255,19.327925,5.603868
Hambantota,2003,Yala,27.817188,30.75,25.16,592.93,83.573204,20.14634,6.6447716
Hambantota,2004,Maha,27.091738,31.6,23.37,1399.58,81.8778,18.50216,5.5888734
Hambantota,2004,Yala,27.919018,31.99,25.68,584.17,81.19477,20.862091,7.2903924
Hambantota,2005,Maha,27.028255,30.68,22.97,1204.31,82.418015,19.034622,5.6713204
Hambantota,2005,Yala,27.872875,30.89,25.62,572.88,83.06608,20.74085,6.825098
Hambantota,2006,Maha,26.696415,30.51,22.19,1808.01,83.99014,17.69066,5.3734436
Hambantota,2006,Yala,27.661503,30.75,24.87,587.53,82.95346,20.586666,6.8816996
Hambantota,2007,Maha,26.662924,29.99,23.08,1299.59,82.14609,18.99481,5.4857073
Hambantota,2007,Yala,27.565884,30.43,25.43,791.32,84.38915,20.46778,6.4558167
Hambantota,2008,Maha,26.907183,30.15,23.39,1268.89,81.8208,18.643616,4.7148356
Hambantota,2008,Yala,27.26098,29.84,25.7,794.87,84.68262,20.279346,6.688366
Hambantota,2009,Maha,27.038961,31.45,23.23,1328.36,80.165565,19.300802,4.92316
Hambantota,2009,Yala,27.659739,30.9,25.44,780.81,83.98987,20.75464,7.1066017
Hambantota,2010,Maha,26.875473,30.53,23.52,1958.62,82.50485,18.89151,5.4009905
Hambantota,2010,Yala,27.692616,30.49,25.6,1433.28,84.73144,20.27804,6.468497
Hambantota,2011,Maha,26.719763,29.57,23.22,2395.6,83.64057,17.830849,4.7842927
Hambantota,2011,Yala,27.369217,29.7,25.59,972.45,84.96542,20.925425,6.5383005
Hambantota,2012,Maha,26.755728,30.17,23.02,1940.03,82.35193,18.90601,4.5856338
Hambantota,2012,Yala,27.507385,30.0,25.77,852.82,83.63588,20.92353,6.814706
Hambantota,2013,Maha,26.811981,29.77,23.65,1660.92,83.424286,18.510141,5.1721225
Hambantota,2013,Yala,27.322289,30.54,25.34,1105.98,85.70072,20.072615,6.6695423
Hambantota,2014,Maha,26.9108,30.58,23.1,2047.24,82.256454,18.71665,5.2588205
Hambantota,2014,Yala,27.764511,30.91,25.54,825.49,83.560844,20.839804,6.573595
Hambantota,2015,Maha,26.974102,29.54,23.6,1651.27,83.263725,18.869009,4.773868
Hambantota,2015,Yala,27.877645,30.35,25.77,840.06,83.69314,20.873335,6.023987
Hambantota,2016,Maha,27.278778,31.25,23.39,919.14,81.17521,19.617746,5.417277
Hambantota,2016,Yala,27.970524,31.27,25.61,752.39,83.545685,21.04647,6.455098
Hambantota,2017,Maha,27.057217,30.09,22.95,1322.21,81.050285,18.719624,4.9287267
Hambantota,2017,Yala,27.921894,31.23,26.03,669.12,83.19327,20.944641,6.7626147
Hambantota,2018,Maha,26.886652,29.94,22.61,983.71,81.99542,18.585142,4.4832077
Hambantota,2018,Yala,27.30392,30.57,25.01,882.38,85.75536,19.690653,6.2303267
Hambantota,2019,Maha,27.171085,31.67,23.22,1725.52,82.49415,17.940094,4.9026413
Hambantota,2019,Yala,28.470196,31.72,25.65,559.11,79.93209,20.162354,6.607059
Hambantota,2020,Maha,27.297558,31.48,24.03,1069.58,82.06591,19.315962,5.541174
Hambantota,2020,Yala,28.098888,31.5,25.48,810.47,82.65922,19.936144,6.1866665
Hambantota,2021,Maha,27.07599,29.86,24.04,1630.22,83.579575,18.332312,5.4015565
Hambantota,2021,Yala,27.798758,30.56,25.32,925.93,83.77627,20.367647,6.423072
Hambantota,2022,Maha,27.015614,30.06,23.3,1409.01,82.31849,18.417643,5.0508966
Hambantota,2022,Yala,27.467451,30.25,25.2,971.22,85.35967,19.975752,6.705033
Hambantota,2023,Maha,27.141464,30.64,23.3,2570.24,83.63392,17.291084,5.074576
Hambantota,2023,Yala,28.138103,30.77,26.06,782.85,83.568695,21.114706,6.4241176
Hambantota,2024,Maha,27.718685,31.19,24.17,1139.0,82.64873,18.95,5.2627697
Hambantota,2024,Yala,28.570393,32.13,25.99,644.58,83.03627,19.758562,6.1599345
Hambantota,2025,Maha,27.236746,30.15,23.48,2441.02,83.32118,18.119009,5.3318396
Hambantota,2025,Yala,27.763857,30.59,25.42,795.8,85.64314,20.160719,6.540653
Jaffna,2000,Maha,27.24061,32.44,22.31,619.03,77.210754,18.265446,5.9477463
Jaffna,2000,Yala,28.921244,33.12,25.98,259.21,75.54817,21.10804,7.3060126
Jaffna,2001,Maha,27.180801,32.9,22.62,790.02,78.14585,18.032595,5.7121224
Jaffna,2001,Yala,28.750195,33.03,26.24,318.74,78.259674,20.919672,6.774248
Jaffna,2002,Maha,27.20099,31.83,23.13,646.21,78.66534,18.517311,5.7436323
Jaffna,2002,Yala,29.107843,32.8,26.63,226.46,76.84772,21.204445,6.894837
Jaffna,2003,Maha,27.363585,32.37,22.84,663.0,78.088394,18.430471,6.041887
Jaffna,2003,Yala,29.066406,33.88,26.41,298.19,77.36189,20.324118,6.7842484
Jaffna,2004,Maha,27.16629,33.03,22.6,898.84,77.77817,17.989202,5.9465256
Jaffna,2004,Yala,28.872942,34.57,26.04,286.57,77.212875,20.631243,6.9850326
Jaffna,2005,Maha,27.198019,32.39,23.46,932.42,79.27641,17.973585,5.701038
Jaffna,2005,Yala,28.914248,31.92,26.34,309.65,79.24915,20.899347,7.0352287
Jaffna,2006,Maha,27.003397,31.51,22.56,825.75,78.99335,18.277878,5.7197638
Jaffna,2006,Yala,28.945686,32.75,26.62,174.74,76.827126,21.414312,7.372811
Jaffna,2007,Maha,27.080944,33.3,22.73,792.76,76.69731,18.713774,5.8643866
Jaffna,2007,Yala,28.931437,33.27,26.43,191.5,77.71686,20.48464,6.9322877
Jaffna,2008,Maha,27.252724,31.88,22.93,812.02,77.65127,18.272957,5.732864
Jaffna,2008,Yala,28.63438,31.69,26.19,198.14,78.51307,21.230982,7.160327
Jaffna,2009,Maha,27.403963,32.51,23.34,909.69,76.08061,19.10085,5.576321
Jaffna,2009,Yala,29.003855,32.81,26.09,161.83,77.27895,20.97183,7.4601307
Jaffna,2010,Maha,27.19363,32.65,23.03,1162.03,79.10967,17.986462,5.307453
Jaffna,2010,Yala,29.489674,33.89,26.42,296.45,75.83295,20.617254,6.720588
Jaffna,2011,Maha,27.190094,31.49,23.03,1120.84,78.772316,17.476841,5.7533016
Jaffna,2011,Yala,28.98464,32.06,26.34,267.77,76.204704,21.092352,6.9375157
Jaffna,2012,Maha,27.358545,32.28,22.82,960.24,77.67305,18.703098,5.673615
Jaffna,2012,Yala,29.257124,32.83,26.91,113.29,75.39607,21.189346,7.6893463
Jaffna,2013,Maha,27.219763,31.06,24.08,877.96,78.517265,18.27651,6.011651
Jaffna,2013,Yala,29.090717,32.27,26.7,187.6,76.72261,20.739542,6.922222
Jaffna,2014,Maha,27.223679,33.94,23.22,1137.51,78.313965,17.582357,5.9466043
Jaffna,2014,Yala,29.466797,33.37,26.46,260.59,75.755486,21.257973,6.730458
Jaffna,2015,Maha,27.342216,31.56,23.96,1233.33,79.671745,18.284056,5.5490093
Jaffna,2015,Yala,29.09595,32.14,27.09,425.26,78.46177,21.184837,6.428758
Jaffna,2016,Maha,27.720375,33.19,22.94,429.29,75.29578,19.27155,5.3929577
Jaffna,2016,Yala,29.721437,34.03,26.86,373.15,75.10137,20.780914,6.290719
Jaffna,2017,Maha,27.32316,32.12,22.91,781.95,77.70755,18.293112,5.7017455
Jaffna,2017,Yala,29.666275,33.37,26.57,193.57,75.29373,21.045883,6.652418
Jaffna,2018,Maha,27.276178,32.27,23.2,692.05,77.50439,18.243208,5.4095283
Jaffna,2018,Yala,29.201044,33.89,26.06,232.75,76.52902,20.171568,6.67085
Jaffna,2019,Maha,27.662876,33.78,23.5,1114.1,77.42515,19.206982,5.3712263
Jaffna,2019,Yala,29.793463,34.22,26.93,170.55,74.534706,21.062353,7.311111
Jaffna,2020,Maha,27.67122,32.89,24.27,1114.6799,77.52648,18.309858,5.968075
Jaffna,2020,Yala,29.581636,33.53,26.26,287.82,75.40432,20.50693,6.2911763
Jaffna,2021,Maha,27.398396,31.61,23.5,1520.98,79.90599,18.077595,5.543962
Jaffna,2021,Yala,29.24026,32.15,26.19,309.4,77.26124,20.381504,6.5598693
Jaffna,2022,Maha,27.331934,31.66,22.21,1033.88,79.00085,17.91868,5.5658016
Jaffna,2022,Yala,28.891308,32.08,26.29,549.72,78.62908,19.989412,6.2496734
Jaffna,2023,Maha,27.477688,32.1,23.43,1272.98,79.418724,17.935,5.8596225
Jaffna,2023,Yala,29.49281,33.19,26.98,303.37,76.93242,20.788301,6.3732677
Jaffna,2024,Maha,27.954037,32.51,24.42,858.73,79.06028,18.258217,5.6826763
Jaffna,2024,Yala,29.908302,35.09,27.48,286.94,76.27752,20.182352,6.232941
Jaffna,2025,Maha,27.529245,32.47,23.88,1335.55,79.23685,17.574953,5.6146703
Jaffna,2025,Yala,29.568302,32.74,26.47,269.7,76.88961,20.926863,6.394706
Kalutara,2000,Maha,26.506948,32.21,21.21,651.23,80.11301,19.723005,3.9109392
Kalutara,2000,Yala,26.817778,31.44,23.4,549.08,83.22216,20.112549,5.7306533
Kalutara,2001,Maha,26.61368,33.98,20.63,660.47,79.681786,20.395094,3.8947642
Kalutara,2001,Yala,26.893398,32.68,23.73,520.01,84.4151,20.725817,5.1902614
Kalutara,2002,Maha,27.03901,35.04,20.86,968.57,78.04684,20.405943,3.480849
Kalutara,2002,Yala,26.999739,33.21,23.86,573.22,84.23804,20.830065,5.136536
Kalutara,2003,Maha,26.610615,32.29,21.46,810.15,81.14496,20.836319,3.6153774
Kalutara,2003,Yala,27.158758,32.83,24.52,629.04,84.623535,19.692352,5.0093465
Kalutara,2004,Maha,26.888453,33.64,20.67,1040.24,79.30822,20.338875,3.5085447
Kalutara,2004,Yala,27.149609,32.24,24.38,577.5,83.21615,20.260326,5.6690197
Kalutara,2005,Maha,26.324339,31.37,21.11,1154.9,82.95141,19.854057,4.046368
Kalutara,2005,Yala,27.073006,30.82,24.52,614.37,85.3483,20.690197,5.1451635
Kalutara,2006,Maha,26.192263,30.76,19.69,1568.68,83.608536,19.790236,3.3857076
Kalutara,2006,Yala,26.753792,30.17,24.2,671.33,85.69922,19.725687,5.1032023
Kalutara,2007,Maha,26.117168,31.47,20.64,1068.07,81.82387,20.28467,3.6069338
Kalutara,2007,Yala,26.813007,30.18,23.84,910.38,86.09947,19.848953,4.863072
Kalutara,2008,Maha,26.231548,30.19,21.06,1092.49,82.5353,20.311266,3.3214552
Kalutara,2008,Yala,26.5,29.56,24.12,1023.28,86.56582,19.489868,4.932026
Kalutara,2009,Maha,26.31453,32.19,21.01,1183.55,81.45401,20.992218,3.3550944
Kalutara,2009,Yala,26.849348,30.87,24.31,971.26,86.34085,19.912025,5.419477
Kalutara,2010,Maha,26.201557,32.0,20.93,1642.92,82.97882,19.929104,3.781368
Kalutara,2010,Yala,26.880655,31.0,24.1,1417.26,86.91699,19.03647,4.9762745
Kalutara,2011,Maha,26.18349,30.26,20.62,1522.46,84.0284,19.872925,3.6357076
Kalutara,2011,Yala,26.619282,29.85,24.35,998.61,86.68967,20.631243,4.946928
Kalutara,2012,Maha,26.287182,30.58,20.82,1723.48,82.0322,20.139437,3.0347419
Kalutara,2012,Yala,26.816275,29.92,24.55,984.67,85.151764,20.345295,5.162549
Kalutara,2013,Maha,26.341179,30.73,21.46,1299.2,82.87047,19.992546,3.4898584
Kalutara,2013,Yala,26.624838,30.27,24.55,1107.81,87.45294,19.676666,5.2846403
Kalutara,2014,Maha,26.322357,32.24,20.22,1598.49,82.542496,20.104906,3.3182545
Kalutara,2014,Yala,26.970718,30.91,24.33,994.87,86.301895,20.044706,5.1345754
Kalutara,2015,Maha,26.447218,31.0,21.26,1991.63,83.13259,20.272972,3.0891979
Kalutara,2015,Yala,27.116077,30.21,24.53,983.27997,85.83314,20.583792,4.616013
Kalutara,2016,Maha,26.668732,31.45,20.91,935.19,81.85582,21.120516,3.5311737
Kalutara,2016,Yala,27.232418,31.46,24.32,965.39,85.77098,20.809086,5.15902
Kalutara,2017,Maha,26.360708,31.25,19.98,1541.46,82.00085,20.089293,3.5245283
Kalutara,2017,Yala,27.122417,30.46,24.9,730.62,85.61562,20.908497,5.178562
Kalutara,2018,Maha,26.333538,30.93,20.24,1370.22,82.09887,20.062923,3.0630188
Kalutara,2018,Yala,26.66464,30.83,24.1,1144.57,87.268105,19.501503,4.8955555
Kalutara,2019,Maha,26.623114,32.14,21.28,1989.17,82.5325,20.018162,2.8773112
Kalutara,2019,Yala,27.464314,31.83,23.74,906.58,83.82137,19.43464,4.853595
Kalutara,2020,Maha,26.819483,31.58,22.07,1163.54,82.0254,20.664928,3.4034271
Kalutara,2020,Yala,27.341959,32.18,23.9,1034.25,84.581566,19.993334,4.6186275
Kalutara,2021,Maha,26.52566,30.87,21.68,1805.54,83.283066,19.594717,3.5919812
Kalutara,2021,Yala,27.05124,30.36,24.75,1176.56,86.09967,20.304314,5.0620914
Kalutara,2022,Maha,26.437122,30.5,21.99,1359.33,82.76024,20.031038,3.8447642
Kalutara,2022,Yala,26.796928,29.96,24.15,1180.19,86.71902,19.238693,5.43098
Kalutara,2023,Maha,26.595425,30.79,20.22,2525.73,83.49406,18.734812,3.3648584
Kalutara,2023,Yala,27.459805,31.49,24.74,851.88,85.17294,20.756733,4.7915688
Kalutara,2024,Maha,27.110987,31.77,21.7,1299.03,83.10897,19.97202,3.5475118
Kalutara,2024,Yala,27.769152,32.71,25.09,1013.83,85.53778,18.588432,4.7811766
Kalutara,2025,Maha,26.653301,31.34,21.84,2193.1099,83.64325,19.436838,3.6256132
Kalutara,2025,Yala,27.131699,30.05,24.73,829.06,87.17719,19.986666,5.0154247
Kandy,2000,Maha,24.85061,36.52,14.67,654.36,80.16502,17.801502,3.856291
Kandy,2000,Yala,26.273596,37.51,21.38,422.92,76.375755,19.136797,5.688497
Kandy,2001,Maha,24.483725,37.56,12.99,754.9,82.084816,18.612028,3.8499057
Kandy,2001,Yala,25.901438,37.76,20.79,491.43,80.848175,19.16889,5.159477
Kandy,2002,Maha,24.908915,36.53,15.14,870.33,81.47103,18.761745,3.7861319
Kandy,2002,Yala,26.275686,36.77,21.51,424.11,79.35314,18.86281,5.267059
Kandy,2003,Maha,24.705662,35.22,16.36,728.47,82.93114,18.701698,4.0651417
Kandy,2003,Yala,26.349936,36.23,20.58,342.62,79.78438,19.199543,4.9056864
Kandy,2004,Maha,24.94737,37.27,15.75,1103.58,81.24643,18.035587,3.8960092
Kandy,2004,Yala,26.357712,37.7,21.51,372.68,78.075035,18.94745,5.602026
Kandy,2005,Maha,24.267122,34.02,15.9,943.51,85.87736,18.197218,3.8217454
Kandy,2005,Yala,26.345947,34.78,21.97,360.66,80.25601,19.264313,5.0662746
Kandy,2006,Maha,23.999199,32.27,13.61,1391.74,87.28538,17.843775,3.6659906
Kandy,2006,Yala,25.957712,34.45,20.74,410.88,80.233986,19.427124,5.2162747
Kandy,2007,Maha,23.885235,35.51,15.68,962.79,84.61873,18.504528,3.8266037
Kandy,2007,Yala,25.801308,34.58,21.71,511.1,82.5483,18.654118,4.8071895
Kandy,2008,Maha,24.280561,34.36,15.49,1065.85,84.95948,18.06202,3.396432
Kandy,2008,Yala,25.0983,31.61,20.28,457.43,86.2366,18.77974,4.7711763
Kandy,2009,Maha,24.769056,37.8,15.74,1076.3,80.26868,18.93514,3.6059904
Kandy,2009,Yala,25.832157,33.7,21.33,456.79,82.634315,18.455034,5.4663396
Kandy,2010,Maha,24.027924,35.5,15.85,1547.29,86.69637,17.859245,3.5725944
Kandy,2010,Yala,25.580328,34.54,21.46,779.01,85.62346,18.625097,4.7791505
Kandy,2011,Maha,24.049246,33.14,15.69,1848.28,87.56424,17.453962,3.5110848
Kandy,2011,Yala,25.12804,31.39,18.66,554.65,86.075035,19.172417,4.8382354
Kandy,2012,Maha,24.331877,35.13,15.52,1500.49,84.43986,18.573803,3.2929108
Kandy,2012,Yala,25.897516,33.62,20.42,421.99,80.92797,19.402353,5.347778
Kandy,2013,Maha,24.07632,32.22,15.98,1200.67,87.14981,17.95118,3.7086792
Kandy,2013,Yala,25.216406,31.91,21.14,581.71,86.85229,18.232876,5.139804
Kandy,2014,Maha,24.532074,37.25,15.15,1726.5,83.761086,17.483679,3.6191983
Kandy,2014,Yala,26.199478,37.67,21.6,534.32,81.3432,19.067387,4.941503
Kandy,2015,Maha,24.24335,33.21,16.28,1497.7,87.42816,18.253254,3.2403774
Kandy,2015,Yala,25.844248,32.95,21.35,537.0,83.9383,19.633007,4.4598036
Kandy,2016,Maha,24.902582,35.73,16.19,593.51,81.958405,19.135586,3.76831
Kandy,2016,Yala,26.347647,36.56,21.84,607.88,81.47876,19.157843,4.9852285
Kandy,2017,Maha,24.779009,35.46,16.08,1003.37,81.53429,18.485565,3.515613
Kandy,2017,Yala,26.618824,36.87,21.46,380.99,78.49412,20.14451,4.936601
Kandy,2018,Maha,24.49198,35.47,15.9,900.93,83.506226,18.944433,3.097264
Kandy,2018,Yala,25.727713,35.24,20.81,666.81,83.24006,18.702353,4.934967
Kandy,2019,Maha,24.76,37.9,15.73,1399.75,84.17081,18.783585,3.2086792
Kandy,2019,Yala,27.479282,38.69,21.16,332.99,73.297386,19.826994,5.1033335
Kandy,2020,Maha,24.725258,36.34,16.29,934.08,84.13812,18.999296,3.8701878
Kandy,2020,Yala,26.352484,36.99,18.98,623.09,81.04196,19.603138,4.3652287
Kandy,2021,Maha,24.230282,32.13,15.93,1481.51,88.08873,18.219292,3.6194339
Kandy,2021,Yala,25.487778,32.79,20.34,793.5,86.66745,19.690523,4.61085
Kandy,2022,Maha,24.141838,31.93,15.96,1293.73,87.05939,18.174387,3.5047169
Kandy,2022,Yala,25.42889,31.96,21.62,767.57,86.02326,18.684444,4.9232025
Kandy,2023,Maha,24.392593,33.17,15.1,1921.39,87.89674,17.630566,3.4613206
Kandy,2023,Yala,26.323463,35.42,20.27,461.71,81.88738,20.161371,4.7237253
Kandy,2024,Maha,25.015821,35.37,16.69,1032.58,86.06939,18.68878,3.664695
Kandy,2024,Yala,27.023726,37.3,21.67,540.43,80.09438,18.637123,4.6384315
Kandy,2025,Maha,24.25821,31.65,16.51,1978.84,88.19311,17.790188,3.6784434
Kandy,2025,Yala,25.566275,31.8,21.31,672.73,86.6702,19.167452,4.9931374
Kegalle,2000,Maha,24.85061,36.52,14.67,654.36,80.16502,17.801502,3.856291
Kegalle,2000,Yala,26.273596,37.51,21.38,422.92,76.375755,19.136797,5.688497
Kegalle,2001,Maha,24.483725,37.56,12.99,754.9,82.084816,18.612028,3.8499057
Kegalle,2001,Yala,25.901438,37.76,20.79,491.43,80.848175,19.16889,5.159477
Kegalle,2002,Maha,24.908915,36.53,15.14,870.33,81.47103,18.761745,3.7861319
Kegalle,2002,Yala,26.275686,36.77,21.51,424.11,79.35314,18.86281,5.267059
Kegalle,2003,Maha,24.705662,35.22,16.36,728.47,82.93114,18.701698,4.0651417
Kegalle,2003,Yala,26.349936,36.23,20.58,342.62,79.78438,19.199543,4.9056864
Kegalle,2004,Maha,24.94737,37.27,15.75,1103.58,81.24643,18.035587,3.8960092
Kegalle,2004,Yala,26.357712,37.7,21.51,372.68,78.075035,18.94745,5.602026
Kegalle,2005,Maha,24.267122,34.02,15.9,943.51,85.87736,18.197218,3.8217454
Kegalle,2005,Yala,26.345947,34.78,21.97,360.66,80.25601,19.264313,5.0662746
Kegalle,2006,Maha,23.999199,32.27,13.61,1391.74,87.28538,17.843775,3.6659906
Kegalle,2006,Yala,25.957712,34.45,20.74,410.88,80.233986,19.427124,5.2162747
Kegalle,2007,Maha,23.885235,35.51,15.68,962.79,84.61873,18.504528,3.8266037
Kegalle,2007,Yala,25.801308,34.58,21.71,511.1,82.5483,18.654118,4.8071895
Kegalle,2008,Maha,24.280561,34.36,15.49,1065.85,84.95948,18.06202,3.396432
Kegalle,2008,Yala,25.0983,31.61,20.28,457.43,86.2366,18.77974,4.7711763
Kegalle,2009,Maha,24.769056,37.8,15.74,1076.3,80.26868,18.93514,3.6059904
Kegalle,2009,Yala,25.832157,33.7,21.33,456.79,82.634315,18.455034,5.4663396
Kegalle,2010,Maha,24.027924,35.5,15.85,1547.29,86.69637,17.859245,3.5725944
Kegalle,2010,Yala,25.580328,34.54,21.46,779.01,85.62346,18.625097,4.7791505
Kegalle,2011,Maha,24.049246,33.14,15.69,1848.28,87.56424,17.453962,3.5110848
Kegalle,2011,Yala,25.12804,31.39,18.66,554.65,86.075035,19.172417,4.8382354
Kegalle,2012,Maha,24.331877,35.13,15.52,1500.49,84.43986,18.573803,3.2929108
Kegalle,2012,Yala,25.897516,33.62,20.42,421.99,80.92797,19.402353,5.347778
Kegalle,2013,Maha,24.07632,32.22,15.98,1200.67,87.14981,17.95118,3.7086792
Kegalle,2013,Yala,25.216406,31.91,21.14,581.71,86.85229,18.232876,5.139804
Kegalle,2014,Maha,24.532074,37.25,15.15,1726.5,83.761086,17.483679,3.6191983
Kegalle,2014,Yala,26.199478,37.67,21.6,534.32,81.3432,19.067387,4.941503
Kegalle,2015,Maha,24.24335,33.21,16.28,1497.7,87.42816,18.253254,3.2403774
Kegalle,2015,Yala,25.844248,32.95,21.35,537.0,83.9383,19.633007,4.4598036
Kegalle,2016,Maha,24.902582,35.73,16.19,593.51,81.958405,19.135586,3.76831
Kegalle,2016,Yala,26.347647,36.56,21.84,607.88,81.47876,19.157843,4.9852285
Kegalle,2017,Maha,24.779009,35.46,16.08,1003.37,81.53429,18.485565,3.515613
Kegalle,2017,Yala,26.618824,36.87,21.46,380.99,78.49412,20.14451,4.936601
Kegalle,2018,Maha,24.49198,35.47,15.9,900.93,83.506226,18.944433,3.097264
Kegalle,2018,Yala,25.727713,35.24,20.81,666.81,83.24006,18.702353,4.934967
Kegalle,2019,Maha,24.76,37.9,15.73,1399.75,84.17081,18.783585,3.2086792
Kegalle,2019,Yala,27.479282,38.69,21.16,332.99,73.297386,19.826994,5.1033335
Kegalle,2020,Maha,24.725258,36.34,16.29,934.08,84.13812,18.999296,3.8701878
Kegalle,2020,Yala,26.352484,36.99,18.98,623.09,81.04196,19.603138,4.3652287
Kegalle,2021,Maha,24.230282,32.13,15.93,1481.51,88.08873,18.219292,3.6194339
Kegalle,2021,Yala,25.487778,32.79,20.34,793.5,86.66745,19.690523,4.61085
Kegalle,2022,Maha,24.141838,31.93,15.96,1293.73,87.05939,18.174387,3.5047169
Kegalle,2022,Yala,25.42889,31.96,21.62,767.57,86.02326,18.684444,4.9232025
Kegalle,2023,Maha,24.392593,33.17,15.1,1921.39,87.89674,17.630566,3.4613206
Kegalle,2023,Yala,26.323463,35.42,20.27,461.71,81.88738,20.161371,4.7237253
Kegalle,2024,Maha,25.015821,35.37,16.69,1032.58,86.06939,18.68878,3.664695
Kegalle,2024,Yala,27.023726,37.3,21.67,540.43,80.09438,18.637123,4.6384315
Kegalle,2025,Maha,24.25821,31.65,16.51,1978.84,88.19311,17.790188,3.6784434
Kegalle,2025,Yala,25.566275,31.8,21.31,672.73,86.6702,19.167452,4.9931374
Kilinochchi,2000,Maha,27.164507,31.86,22.37,653.4,77.7,18.265446,5.7789674
Kilinochchi,2000,Yala,29.076275,34.23,25.51,235.1,74.248955,21.10804,6.9743786
Kilinochchi,2001,Maha,27.102264,34.44,22.74,834.92,78.44457,18.032595,5.4298115
Kilinochchi,2001,Yala,28.7583,32.94,26.15,382.49,78.27065,20.919672,6.6898694
Kilinochchi,2002,Maha,27.164621,33.25,23.02,812.69,78.89151,18.517311,5.4595284
Kilinochchi,2002,Yala,29.135883,32.88,26.47,247.38,76.4617,21.204445,6.7930717
Kilinochchi,2003,Maha,27.28052,32.37,23.04,716.38,78.56118,18.430471,5.750613
Kilinochchi,2003,Yala,28.996078,33.68,26.23,292.3,77.36869,20.324118,6.5443788
Kilinochchi,2004,Maha,27.09601,33.33,22.68,968.7,78.211174,17.989202,5.693756
Kilinochchi,2004,Yala,28.877256,35.5,26.05,339.25,76.920525,20.631243,6.790653
Kilinochchi,2005,Maha,27.14217,32.48,23.78,950.77,79.5332,17.973585,5.501698
Kilinochchi,2005,Yala,28.968431,32.91,26.04,342.16,78.53641,20.899347,6.773333
Kilinochchi,2006,Maha,26.88165,32.09,22.51,933.02,79.70269,18.277878,5.442217
Kilinochchi,2006,Yala,29.052094,33.52,26.19,220.8,75.61392,21.414312,6.972484
Kilinochchi,2007,Maha,26.941698,32.35,22.6,908.95,77.381134,18.713774,5.6355186
Kilinochchi,2007,Yala,28.940327,33.53,26.1,252.64,77.18503,20.48464,6.6548367
Kilinochchi,2008,Maha,27.184227,32.77,22.94,964.64,77.98104,18.272957,5.39892
Kilinochchi,2008,Yala,28.55392,32.13,26.08,233.26,78.704185,21.230982,6.810523
Kilinochchi,2009,Maha,27.288586,32.65,23.49,1029.95,76.72651,19.10085,5.3895283
Kilinochchi,2009,Yala,29.003204,33.51,25.82,253.3,76.87418,20.97183,7.1618958
Kilinochchi,2010,Maha,27.079338,32.98,23.42,1325.6,79.86528,17.986462,5.1347637
Kilinochchi,2010,Yala,29.381044,34.09,26.29,421.19,76.19941,20.617254,6.3697386
Kilinochchi,2011,Maha,27.113396,32.41,23.04,1431.35,79.269806,17.476841,5.553821
Kilinochchi,2011,Yala,28.811111,32.62,25.48,375.59,77.20203,21.092352,6.6272545
Kilinochchi,2012,Maha,27.247137,32.64,23.2,1255.06,78.11075,18.703098,5.359061
Kilinochchi,2012,Yala,29.361897,33.11,26.64,175.59,74.14222,21.189346,7.321699
Kilinochchi,2013,Maha,27.124859,31.82,23.92,1026.35,79.04811,18.27651,5.7411795
Kilinochchi,2013,Yala,28.809149,32.53,26.23,327.24,78.15327,20.739542,6.6571894
Kilinochchi,2014,Maha,27.137217,33.01,23.35,1392.57,78.857124,17.582357,5.641227
Kilinochchi,2014,Yala,29.277191,33.15,26.1,339.76,76.240456,21.257973,6.4724183
Kilinochchi,2015,Maha,27.191793,32.31,23.97,1427.26,80.52094,18.284056,5.2534432
Kilinochchi,2015,Yala,28.881437,32.37,26.82,451.0,79.71928,21.184837,6.2479086
Kilinochchi,2016,Maha,27.66263,33.24,22.42,534.84,75.70568,19.27155,5.2274175
Kilinochchi,2016,Yala,29.422747,34.6,26.3,477.32,76.64379,20.780914,6.185033
Kilinochchi,2017,Maha,27.2408,32.35,23.05,854.87,77.99274,18.293112,5.388302
Kilinochchi,2017,Yala,29.547647,34.72,26.09,266.5,75.23699,21.045883,6.251569
Kilinochchi,2018,Maha,27.189953,33.28,22.96,753.16003,77.73685,18.243208,5.058302
Kilinochchi,2018,Yala,29.004576,33.99,26.11,349.15,77.30529,20.171568,6.506732
Kilinochchi,2019,Maha,27.47816,33.81,23.59,1143.65,78.2132,19.206982,5.0956607
Kilinochchi,2019,Yala,29.869936,34.91,26.62,222.81,73.55124,21.062353,6.8807845
Kilinochchi,2020,Maha,27.518826,31.92,24.13,1219.99,78.355774,18.309858,5.7328167
Kilinochchi,2020,Yala,29.376797,33.66,25.77,356.23,76.168304,20.50693,6.021634
Kilinochchi,2021,Maha,27.259434,32.63,23.45,1575.62,80.77383,18.077595,5.2799997
Kilinochchi,2021,Yala,29.100784,33.03,26.07,397.69,77.736664,20.381504,6.21
Kilinochchi,2022,Maha,27.21802,32.11,21.28,1153.79,79.62792,17.91868,5.3498588
Kilinochchi,2022,Yala,28.688496,32.02,25.94,530.18,79.55,19.989412,6.1075816
Kilinochchi,2023,Maha,27.397783,32.89,23.54,1508.94,79.76915,17.935,5.4844337
Kilinochchi,2023,Yala,29.350458,33.45,26.45,330.43,77.12006,20.788301,6.040653
Kilinochchi,2024,Maha,27.8077,32.33,24.56,992.12,80.034325,18.258217,5.4740844
Kilinochchi,2024,Yala,29.702484,35.46,26.76,353.55,77.117584,20.182352,6.0562744
Kilinochchi,2025,Maha,27.41514,32.21,23.83,1446.93,79.765526,17.574953,5.356085
Kilinochchi,2025,Yala,29.33856,32.89,26.41,335.57,77.430725,20.926863,6.191634
Kurunegala,2000,Maha,24.85061,36.52,14.67,654.36,80.16502,17.801502,3.856291
Kurunegala,2000,Yala,26.273596,37.51,21.38,422.92,76.375755,19.136797,5.688497
Kurunegala,2001,Maha,24.483725,37.56,12.99,754.9,82.084816,18.612028,3.8499057
Kurunegala,2001,Yala,25.901438,37.76,20.79,491.43,80.848175,19.16889,5.159477
Kurunegala,2002,Maha,24.908915,36.53,15.14,870.33,81.47103,18.761745,3.7861319
Kurunegala,2002,Yala,26.275686,36.77,21.51,424.11,79.35314,18.86281,5.267059
Kurunegala,2003,Maha,24.705662,35.22,16.36,728.47,82.93114,18.701698,4.0651417
Kurunegala,2003,Yala,26.349936,36.23,20.58,342.62,79.78438,19.199543,4.9056864
Kurunegala,2004,Maha,24.94737,37.27,15.75,1103.58,81.24643,18.035587,3.8960092
Kurunegala,2004,Yala,26.357712,37.7,21.51,372.68,78.075035,18.94745,5.602026
Kurunegala,2005,Maha,24.267122,34.02,15.9,943.51,85.87736,18.197218,3.8217454
Kurunegala,2005,Yala,26.345947,34.78,21.97,360.66,80.25601,19.264313,5.0662746
Kurunegala,2006,Maha,23.999199,32.27,13.61,1391.74,87.28538,17.843775,3.6659906
Kurunegala,2006,Yala,25.957712,34.45,20.74,410.88,80.233986,19.427124,5.2162747
Kurunegala,2007,Maha,23.885235,35.51,15.68,962.79,84.61873,18.504528,3.8266037
Kurunegala,2007,Yala,25.801308,34.58,21.71,511.1,82.5483,18.654118,4.8071895
Kurunegala,2008,Maha,24.280561,34.36,15.49,1065.85,84.95948,18.06202,3.396432
Kurunegala,2008,Yala,25.0983,31.61,20.28,457.43,86.2366,18.77974,4.7711763
Kurunegala,2009,Maha,24.769056,37.8,15.74,1076.3,80.26868,18.93514,3.6059904
Kurunegala,2009,Yala,25.832157,33.7,21.33,456.79,82.634315,18.455034,5.4663396
Kurunegala,2010,Maha,24.027924,35.5,15.85,1547.29,86.69637,17.859245,3.5725944
Kurunegala,2010,Yala,25.580328,34.54,21.46,779.01,85.62346,18.625097,4.7791505
Kurunegala,2011,Maha,24.049246,33.14,15.69,1848.28,87.56424,17.453962,3.5110848
Kurunegala,2011,Yala,25.12804,31.39,18.66,554.65,86.075035,19.172417,4.8382354
Kurunegala,2012,Maha,24.331877,35.13,15.52,1500.49,84.43986,18.573803,3.2929108
Kurunegala,2012,Yala,25.897516,33.62,20.42,421.99,80.92797,19.402353,5.347778
Kurunegala,2013,Maha,24.07632,32.22,15.98,1200.67,87.14981,17.95118,3.7086792
Kurunegala,2013,Yala,25.216406,31.91,21.14,581.71,86.85229,18.232876,5.139804
Kurunegala,2014,Maha,24.532074,37.25,15.15,1726.5,83.761086,17.483679,3.6191983
Kurunegala,2014,Yala,26.199478,37.67,21.6,534.32,81.3432,19.067387,4.941503
Kurunegala,2015,Maha,24.24335,33.21,16.28,1497.7,87.42816,18.253254,3.2403774
Kurunegala,2015,Yala,25.844248,32.95,21.35,537.0,83.9383,19.633007,4.4598036
Kurunegala,2016,Maha,24.902582,35.73,16.19,593.51,81.958405,19.135586,3.76831
Kurunegala,2016,Yala,26.347647,36.56,21.84,607.88,81.47876,19.157843,4.9852285
Kurunegala,2017,Maha,24.779009,35.46,16.08,1003.37,81.53429,18.485565,3.515613
Kurunegala,2017,Yala,26.618824,36.87,21.46,380.99,78.49412,20.14451,4.936601
Kurunegala,2018,Maha,24.49198,35.47,15.9,900.93,83.506226,18.944433,3.097264
Kurunegala,2018,Yala,25.727713,35.24,20.81,666.81,83.24006,18.702353,4.934967
Kurunegala,2019,Maha,24.76,37.9,15.73,1399.75,84.17081,18.783585,3.2086792
Kurunegala,2019,Yala,27.479282,38.69,21.16,332.99,73.297386,19.826994,5.1033335
Kurunegala,2020,Maha,24.725258,36.34,16.29,934.08,84.13812,18.999296,3.8701878
Kurunegala,2020,Yala,26.352484,36.99,18.98,623.09,81.04196,19.603138,4.3652287
Kurunegala,2021,Maha,24.230282,32.13,15.93,1481.51,88.08873,18.219292,3.6194339
Kurunegala,2021,Yala,25.487778,32.79,20.34,793.5,86.66745,19.690523,4.61085
Kurunegala,2022,Maha,24.141838,31.93,15.96,1293.73,87.05939,18.174387,3.5047169
Kurunegala,2022,Yala,25.42889,31.96,21.62,767.57,86.02326,18.684444,4.9232025
Kurunegala,2023,Maha,24.392593,33.17,15.1,1921.39,87.89674,17.630566,3.4613206
Kurunegala,2023,Yala,26.323463,35.42,20.27,461.71,81.88738,20.161371,4.7237253
Kurunegala,2024,Maha,25.015821,35.37,16.69,1032.58,86.06939,18.68878,3.664695
Kurunegala,2024,Yala,27.023726,37.3,21.67,540.43,80.09438,18.637123,4.6384315
Kurunegala,2025,Maha,24.25821,31.65,16.51,1978.84,88.19311,17.790188,3.6784434
Kurunegala,2025,Yala,25.566275,31.8,21.31,672.73,86.6702,19.167452,4.9931374
Mannar,2000,Maha,27.112112,34.73,20.31,576.98,76.53793,19.37493,5.441878
Mannar,2000,Yala,28.535229,34.66,25.26,259.62,75.57484,21.453398,7.060196
Mannar,2001,Maha,26.880518,34.62,19.79,735.66,78.51052,19.430897,5.274717
Mannar,2001,Yala,28.324575,35.17,25.43,333.91,78.62248,21.349869,6.3606534
Mannar,2002,Maha,26.927076,33.85,20.98,661.49,79.218025,19.6625,5.269151
Mannar,2002,Yala,28.76634,34.6,25.43,228.88,76.65424,21.971895,6.541046
Mannar,2003,Maha,27.083065,34.3,21.33,638.13,78.67882,20.042593,5.5426416
Mannar,2003,Yala,28.855425,36.04,25.29,276.39,76.51497,21.152418,6.3764052
Mannar,2004,Maha,27.010424,34.17,20.73,829.9,77.81746,19.687277,5.481033
Mannar,2004,Yala,28.644575,35.98,25.64,246.83,76.33889,21.479868,6.7639217
Mannar,2005,Maha,26.78769,34.17,21.47,800.69,80.542694,19.597548,5.2442455
Mannar,2005,Yala,28.572289,33.24,25.55,263.41,78.952286,21.472746,6.614902
Mannar,2006,Maha,26.592028,32.59,19.95,861.7,80.62164,19.385473,5.1671696
Mannar,2006,Yala,28.624052,33.8,25.42,150.87,76.51627,21.809738,6.9315686
Mannar,2007,Maha,26.770376,35.79,20.81,736.17,77.31586,20.051603,5.3942924
Mannar,2007,Yala,28.674706,35.57,25.42,157.14,77.07412,21.430588,6.5628104
Mannar,2008,Maha,26.896244,33.5,21.18,779.55,78.623856,19.370329,5.213052
Mannar,2008,Yala,28.265099,32.08,24.98,178.37,78.4915,21.763596,6.746601
Mannar,2009,Maha,27.10986,35.14,20.85,847.52,76.52523,20.31769,5.146745
Mannar,2009,Yala,28.71255,34.9,25.23,161.8,76.96124,21.45379,7.132484
Mannar,2010,Maha,26.754482,34.37,21.27,1088.37,80.442924,19.321556,4.910236
Mannar,2010,Yala,29.113462,35.26,25.51,229.24,75.731964,21.25732,6.5176473
Mannar,2011,Maha,26.662876,32.14,21.2,1131.43,81.15944,19.037735,5.226179
Mannar,2011,Yala,28.444118,32.35,23.77,271.12,77.45921,22.01523,6.6428103
Mannar,2012,Maha,26.923193,34.37,20.9,1050.74,79.30718,19.75845,5.12277
Mannar,2012,Yala,28.934576,33.59,25.48,98.92,75.02804,21.746208,7.3584313
Mannar,2013,Maha,26.718254,31.59,22.52,894.51,80.588776,19.550896,5.4494815
Mannar,2013,Yala,28.513268,32.74,25.36,170.23,78.06111,21.222027,6.758301
Mannar,2014,Maha,26.976366,36.06,21.0,1181.41,78.97693,18.973396,5.331981
Mannar,2014,Yala,29.040133,35.54,25.26,270.05,76.25752,22.15732,6.4863396
Mannar,2015,Maha,26.81552,32.58,21.7,1214.6901,82.00948,19.618727,4.956604
Mannar,2015,Yala,28.582354,32.93,25.69,412.64,79.766075,21.73366,6.058889
Mannar,2016,Maha,27.289015,34.74,21.13,412.21,76.882065,20.274788,5.0436153
Mannar,2016,Yala,29.22196,35.14,26.01,380.38,76.081505,21.62621,6.1125493
Mannar,2017,Maha,27.013962,34.36,20.99,661.16,78.23085,19.61986,5.197642
Mannar,2017,Yala,29.279282,35.09,25.25,186.73,75.46883,21.697908,6.3984313
Mannar,2018,Maha,27.07,34.51,21.48,672.48,77.580894,19.496696,4.910802
Mannar,2018,Yala,28.735294,35.45,25.47,241.49,77.24144,20.607908,6.359281
Mannar,2019,Maha,27.359999,35.74,21.95,1058.33,78.2958,19.798115,4.818632
Mannar,2019,Yala,29.649609,35.94,26.27,129.23,73.083595,21.389019,6.849216
Mannar,2020,Maha,27.289577,34.68,22.56,933.45,78.773895,19.628544,5.431972
Mannar,2020,Yala,29.245098,35.98,24.18,284.72,75.42556,21.07889,5.990588
Mannar,2021,Maha,26.862312,32.33,21.73,1406.12,82.26368,19.26717,5.1152363
Mannar,2021,Yala,28.78928,33.68,24.88,282.27,77.88758,21.274902,6.2677126
Mannar,2022,Maha,26.845379,33.05,21.13,896.77,80.7801,19.154905,5.1167927
Mannar,2022,Yala,28.401045,32.85,25.24,462.87,79.485756,20.432613,6.0522223
Mannar,2023,Maha,27.013018,33.17,21.64,1335.83,81.40901,18.82269,5.2276416
Mannar,2023,Yala,29.16549,34.89,25.58,264.77,76.71425,21.80608,6.1109147
Mannar,2024,Maha,27.537981,34.31,22.7,807.71,80.68746,19.420986,5.231878
Mannar,2024,Yala,29.61242,37.07,26.26,265.21,76.17137,20.387974,5.971961
Mannar,2025,Maha,27.048065,33.4,21.51,1266.12,81.25821,18.575943,5.1740565
Mannar,2025,Yala,29.113333,33.22,24.85,228.78,77.57863,21.477777,6.3660784
Matale,2000,Maha,24.85061,36.52,14.67,654.36,80.16502,17.801502,3.856291
Matale,2000,Yala,26.273596,37.51,21.38,422.92,76.375755,19.136797,5.688497
Matale,2001,Maha,24.483725,37.56,12.99,754.9,82.084816,18.612028,3.8499057
Matale,2001,Yala,25.901438,37.76,20.79,491.43,80.848175,19.16889,5.159477
Matale,2002,Maha,24.908915,36.53,15.14,870.33,81.47103,18.761745,3.7861319
Matale,2002,Yala,26.275686,36.77,21.51,424.11,79.35314,18.86281,5.267059
Matale,2003,Maha,24.705662,35.22,16.36,728.47,82.93114,18.701698,4.0651417
Matale,2003,Yala,26.349936,36.23,20.58,342.62,79.78438,19.199543,4.9056864
Matale,2004,Maha,24.94737,37.27,15.75,1103.58,81.24643,18.035587,3.8960092
Matale,2004,Yala,26.357712,37.7,21.51,372.68,78.075035,18.94745,5.602026
Matale,2005,Maha,24.267122,34.02,15.9,943.51,85.87736,18.197218,3.8217454
Matale,2005,Yala,26.345947,34.78,21.97,360.66,80.25601,19.264313,5.0662746
Matale,2006,Maha,23.999199,32.27,13.61,1391.74,87.28538,17.843775,3.6659906
Matale,2006,Yala,25.957712,34.45,20.74,410.88,80.233986,19.427124,5.2162747
Matale,2007,Maha,23.885235,35.51,15.68,962.79,84.61873,18.504528,3.8266037
Matale,2007,Yala,25.801308,34.58,21.71,511.1,82.5483,18.654118,4.8071895
Matale,2008,Maha,24.280561,34.36,15.49,1065.85,84.95948,18.06202,3.396432
Matale,2008,Yala,25.0983,31.61,20.28,457.43,86.2366,18.77974,4.7711763
Matale,2009,Maha,24.769056,37.8,15.74,1076.3,80.26868,18.93514,3.6059904
Matale,2009,Yala,25.832157,33.7,21.33,456.79,82.634315,18.455034,5.4663396
Matale,2010,Maha,24.027924,35.5,15.85,1547.29,86.69637,17.859245,3.5725944
Matale,2010,Yala,25.580328,34.54,21.46,779.01,85.62346,18.625097,4.7791505
Matale,2011,Maha,24.049246,33.14,15.69,1848.28,87.56424,17.453962,3.5110848
Matale,2011,Yala,25.12804,31.39,18.66,554.65,86.075035,19.172417,4.8382354
Matale,2012,Maha,24.331877,35.13,15.52,1500.49,84.43986,18.573803,3.2929108
Matale,2012,Yala,25.897516,33.62,20.42,421.99,80.92797,19.402353,5.347778
Matale,2013,Maha,24.07632,32.22,15.98,1200.67,87.14981,17.95118,3.7086792
Matale,2013,Yala,25.216406,31.91,21.14,581.71,86.85229,18.232876,5.139804
Matale,2014,Maha,24.532074,37.25,15.15,1726.5,83.761086,17.483679,3.6191983
Matale,2014,Yala,26.199478,37.67,21.6,534.32,81.3432,19.067387,4.941503
Matale,2015,Maha,24.24335,33.21,16.28,1497.7,87.42816,18.253254,3.2403774
Matale,2015,Yala,25.844248,32.95,21.35,537.0,83.9383,19.633007,4.4598036
Matale,2016,Maha,24.902582,35.73,16.19,593.51,81.958405,19.135586,3.76831
Matale,2016,Yala,26.347647,36.56,21.84,607.88,81.47876,19.157843,4.9852285
Matale,2017,Maha,24.779009,35.46,16.08,1003.37,81.53429,18.485565,3.515613
Matale,2017,Yala,26.618824,36.87,21.46,380.99,78.49412,20.14451,4.936601
Matale,2018,Maha,24.49198,35.47,15.9,900.93,83.506226,18.944433,3.097264
Matale,2018,Yala,25.727713,35.24,20.81,666.81,83.24006,18.702353,4.934967
Matale,2019,Maha,24.76,37.9,15.73,1399.75,84.17081,18.783585,3.2086792
Matale,2019,Yala,27.479282,38.69,21.16,332.99,73.297386,19.826994,5.1033335
Matale,2020,Maha,24.725258,36.34,16.29,934.08,84.13812,18.999296,3.8701878
Matale,2020,Yala,26.352484,36.99,18.98,623.09,81.04196,19.603138,4.3652287
Matale,2021,Maha,24.230282,32.13,15.93,1481.51,88.08873,18.219292,3.6194339
Matale,2021,Yala,25.487778,32.79,20.34,793.5,86.66745,19.690523,4.61085
Matale,2022,Maha,24.141838,31.93,15.96,1293.73,87.05939,18.174387,3.5047169
Matale,2022,Yala,25.42889,31.96,21.62,767.57,86.02326,18.684444,4.9232025
Matale,2023,Maha,24.392593,33.17,15.1,1921.39,87.89674,17.630566,3.4613206
Matale,2023,Yala,26.323463,35.42,20.27,461.71,81.88738,20.161371,4.7237253
Matale,2024,Maha,25.015821,35.37,16.69,1032.58,86.06939,18.68878,3.664695
Matale,2024,Yala,27.023726,37.3,21.67,540.43,80.09438,18.637123,4.6384315
Matale,2025,Maha,24.25821,31.65,16.51,1978.84,88.19311,17.790188,3.6784434
Matale,2025,Yala,25.566275,31.8,21.31,672.73,86.6702,19.167452,4.9931374
Matara,2000,Maha,26.99014,31.95,22.77,474.77,78.48901,19.463898,4.4085445
Matara,2000,Yala,27.279018,32.0,24.44,459.08,81.388565,20.07647,6.7563396
Matara,2001,Maha,26.984009,32.75,21.52,600.62,78.40132,20.772924,4.4473586
Matara,2001,Yala,27.496275,32.74,23.98,296.95,81.36006,20.83196,6.1567974
Matara,2002,Maha,27.299294,33.02,22.26,750.25,77.98245,20.317076,4.5873113
Matara,2002,Yala,27.504902,32.47,24.21,434.49,81.59732,20.932745,5.9598694
Matara,2003,Maha,27.022736,32.23,22.52,588.46,79.893585,20.874056,4.457972
Matara,2003,Yala,27.534378,32.46,24.63,555.94,83.21595,20.036274,5.834967
Matara,2004,Maha,27.099201,32.56,22.61,945.72003,79.60451,20.299717,4.3715963
Matara,2004,Yala,27.592026,32.18,24.91,439.34,81.359215,20.655424,6.592549
Matara,2005,Maha,26.816038,31.9,22.24,857.72,81.43434,20.636557,4.8609905
Matara,2005,Yala,27.538105,31.33,24.93,414.27,83.10732,20.97477,5.9879737
Matara,2006,Maha,26.5725,31.21,20.98,1362.42,82.408394,18.833206,4.1658487
Matara,2006,Yala,27.336208,31.07,24.46,469.13998,82.85268,20.165033,6.065817
Matara,2007,Maha,26.432737,30.86,21.95,1004.07,81.51241,20.193161,4.4619813
Matara,2007,Yala,27.189737,30.33,24.74,695.73,84.71811,20.174313,5.6686273
Matara,2008,Maha,26.665869,30.16,22.26,914.77997,81.05328,20.505728,3.8786385
Matara,2008,Yala,26.885359,29.75,25.07,648.92,85.01098,19.35268,5.792876
Matara,2009,Maha,26.82698,32.74,22.05,1001.12,79.61043,20.8675,4.085377
Matara,2009,Yala,27.328238,31.78,24.78,701.88,84.08202,20.397844,6.320458
Matara,2010,Maha,26.60986,32.38,22.58,1456.89,81.83066,20.138962,4.5990095
Matara,2010,Yala,27.291437,30.76,24.93,1051.24,85.189865,19.684444,5.77366
Matara,2011,Maha,26.497595,29.98,21.79,1600.06,83.1459,19.772264,3.8804715
Matara,2011,Yala,26.966143,29.98,25.07,774.01,85.51654,20.839346,5.730458
Matara,2012,Maha,26.533146,30.11,21.85,1585.75,81.9177,19.747793,3.7822535
Matara,2012,Yala,27.148888,30.23,25.05,756.24,83.871635,20.683792,5.9026794
Matara,2013,Maha,26.600754,30.32,22.64,1172.69,82.464005,19.89033,4.064151
Matara,2013,Yala,26.94974,30.51,24.78,825.2,86.2366,20.498823,5.939085
Matara,2014,Maha,26.659338,31.66,21.91,1472.37,81.83075,20.418867,4.309764
Matara,2014,Yala,27.398499,31.03,24.88,688.64,84.03542,20.595163,5.920523
Matara,2015,Maha,26.707169,30.31,22.38,1685.57,82.92339,20.203632,3.9158962
Matara,2015,Yala,27.476538,30.05,25.15,872.45,84.38758,20.888105,5.308627
Matara,2016,Maha,26.991783,31.56,22.7,892.07,81.06526,20.770092,4.337089
Matara,2016,Yala,27.554247,31.88,24.95,828.39,84.39458,20.700066,5.7962093
Matara,2017,Maha,26.819765,30.88,21.73,1353.0599,80.43608,20.432924,4.0168867
Matara,2017,Yala,27.519413,31.0,25.28,742.24,83.84974,21.186733,5.9633336
Matara,2018,Maha,26.651651,30.54,21.64,1016.71,81.3792,20.059292,3.6696227
Matara,2018,Yala,26.983335,30.79,24.5,961.58,86.066536,19.449085,5.6215687
Matara,2019,Maha,26.94434,32.16,22.46,1752.56,81.85439,19.203867,3.9109905
Matara,2019,Yala,27.993988,32.03,24.6,670.54,81.21033,19.667452,5.6608496
Matara,2020,Maha,27.027794,31.44,22.71,1033.47,81.98525,20.916527,4.568451
Matara,2020,Yala,27.672354,31.69,24.34,877.81,83.42869,19.611242,5.4657516
Matara,2021,Maha,26.809906,30.48,22.89,1566.93,82.96972,19.50198,4.4201417
Matara,2021,Yala,27.41098,30.67,24.85,967.96,84.35889,20.657583,5.758954
Matara,2022,Maha,26.748867,30.64,22.85,1272.63,81.88977,20.132877,4.222783
Matara,2022,Yala,27.117386,30.83,24.69,1009.6,85.683205,19.468431,6.0732026
Matara,2023,Maha,26.871084,30.72,21.76,2596.25,83.21062,18.130754,4.0557075
Matara,2023,Yala,27.779348,30.98,25.56,776.38,83.96255,20.745424,5.6362095
Matara,2024,Maha,27.41554,31.44,22.92,1117.02,82.6792,20.030094,4.459671
Matara,2024,Yala,28.14575,32.28,25.51,709.94,83.94287,18.96013,5.516863
Matara,2025,Maha,26.988113,30.92,23.08,2229.57,82.681274,19.167643,4.2046227
Matara,2025,Yala,27.386145,30.37,24.94,775.29,86.16235,20.06634,5.817451
Monaragala,2000,Maha,24.80413,35.87,14.58,573.1,78.128494,18.222067,3.3629577
Monaragala,2000,Yala,27.258823,37.96,20.81,224.42,64.50595,20.717974,4.582484
Monaragala,2001,Maha,24.346699,36.99,12.99,807.6,80.30137,19.25698,3.1183019
Monaragala,2001,Yala,26.78876,36.13,21.23,284.5,69.219086,20.389347,4.260392
Monaragala,2002,Maha,24.675943,37.07,14.49,817.73,80.44896,18.945896,3.2210376
Monaragala,2002,Yala,26.724966,35.85,20.72,360.07,71.20699,20.441439,4.2784967
Monaragala,2003,Maha,24.385141,36.75,15.84,736.81,82.30033,19.327925,3.3888206
Monaragala,2003,Yala,26.212614,35.26,20.37,335.46,75.94242,20.14634,3.8625488
Monaragala,2004,Maha,24.517136,37.15,14.28,1120.33,81.87324,18.50216,3.2504694
Monaragala,2004,Yala,26.87876,37.78,21.06,290.39,68.92209,20.862091,4.6427455
Monaragala,2005,Maha,24.20316,36.42,15.29,887.51,83.60028,19.034622,3.1722643
Monaragala,2005,Yala,26.487583,35.65,20.93,316.05,74.46719,20.74085,3.9446406
Monaragala,2006,Maha,23.649858,34.64,13.18,1402.78,86.98307,17.69066,3.1807075
Monaragala,2006,Yala,26.258104,36.2,20.06,286.65,73.24621,20.586666,4.2013073
Monaragala,2007,Maha,23.540472,33.02,15.37,933.81,84.351326,18.99481,3.2599528
Monaragala,2007,Yala,26.004444,34.18,21.24,432.56,76.69471,20.46778,3.7635295
Monaragala,2008,Maha,24.001034,35.74,15.39,1082.07,84.23178,18.643616,2.9397182
Monaragala,2008,Yala,24.918365,32.99,20.46,440.85,82.80477,20.279346,3.6672552
Monaragala,2009,Maha,24.405802,36.3,15.5,1137.14,79.95401,19.300802,3.1109908
Monaragala,2009,Yala,26.13255,34.72,20.38,430.72,75.25137,20.75464,4.276536
Monaragala,2010,Maha,23.721085,33.3,15.87,1588.83,85.72076,18.89151,2.9207547
Monaragala,2010,Yala,25.306993,32.54,20.27,717.27997,82.162025,20.27804,3.6815689
Monaragala,2011,Maha,23.810425,35.07,15.7,2154.04,86.636505,17.830849,2.9553773
Monaragala,2011,Yala,24.870588,32.1,18.56,488.65,82.412155,20.925425,3.7288237
Monaragala,2012,Maha,23.713615,34.95,15.52,1486.55,85.63183,18.90601,2.760751
Monaragala,2012,Yala,25.695555,34.75,19.0,436.58,77.3,20.92353,4.1360784
Monaragala,2013,Maha,23.899858,34.82,16.04,1261.98,85.57052,18.510141,3.1400943
Monaragala,2013,Yala,25.091764,33.46,20.56,512.95,81.76503,20.072615,4.0194116
Monaragala,2014,Maha,24.104008,35.11,14.37,1698.98,83.67584,18.71665,3.0605662
Monaragala,2014,Yala,26.57268,35.88,20.22,412.35,72.45758,20.839804,4.2181044
Monaragala,2015,Maha,23.65481,31.7,15.98,1831.03,88.90043,18.869009,2.7599056
Monaragala,2015,Yala,25.034967,31.8,20.41,701.02,84.87693,20.873335,3.4580393
Monaragala,2016,Maha,24.579435,36.94,14.72,714.17,81.174644,19.617746,3.1004226
Monaragala,2016,Yala,26.040785,35.84,20.87,531.83,77.56536,21.04647,4.099412
Monaragala,2017,Maha,24.04816,34.09,14.55,1420.6901,83.944016,18.719624,2.9768398
Monaragala,2017,Yala,26.232027,34.97,20.15,447.38998,76.022484,20.944641,3.726863
Monaragala,2018,Maha,23.717737,34.66,13.96,940.63,86.06868,18.585142,2.6896226
Monaragala,2018,Yala,24.88366,33.49,20.2,758.27,83.604515,19.690653,3.8822875
Monaragala,2019,Maha,24.09953,36.21,15.72,1619.83,86.14647,17.940094,2.7962735
Monaragala,2019,Yala,27.137516,37.54,20.0,378.87,70.994774,20.162354,4.13
Monaragala,2020,Maha,24.128122,33.7,16.07,1081.05,84.8254,19.315962,3.173615
Monaragala,2020,Yala,25.906208,35.21,18.54,616.42,79.35549,19.936144,3.4762745
Monaragala,2021,Maha,23.742311,31.77,16.33,1787.66,88.63911,18.332312,2.9627357
Monaragala,2021,Yala,25.039412,32.22,19.81,831.12,84.825096,20.367647,3.5426145
Monaragala,2022,Maha,23.669199,31.63,15.38,1540.74,87.57538,18.417643,2.963962
Monaragala,2022,Yala,24.951504,31.29,20.27,1089.67,85.1881,19.975752,3.7322223
Monaragala,2023,Maha,23.796036,31.55,15.43,2519.37,89.58642,17.291084,3.0228772
Monaragala,2023,Yala,25.589804,34.83,20.26,670.77,82.66582,21.114706,3.6451635
Monaragala,2024,Maha,24.592628,34.92,16.6,1328.07,86.21944,18.95,3.0620658
Monaragala,2024,Yala,26.640915,35.36,21.22,530.04,78.01451,19.758562,3.8096733
Monaragala,2025,Maha,23.970379,33.89,16.25,1940.18,87.26759,18.119009,3.0865095
Monaragala,2025,Yala,25.203007,33.7,20.26,684.05,83.282745,20.160719,3.8753595
Mullaitivu,2000,Maha,27.164507,31.86,22.37,653.4,77.7,18.265446,5.7789674
Mullaitivu,2000,Yala,29.076275,34.23,25.51,235.1,74.248955,21.10804,6.9743786
Mullaitivu,2001,Maha,27.102264,34.44,22.74,834.92,78.44457,18.032595,5.4298115
Mullaitivu,2001,Yala,28.7583,32.94,26.15,382.49,78.27065,20.919672,6.6898694
Mullaitivu,2002,Maha,27.164621,33.25,23.02,812.69,78.89151,18.517311,5.4595284
Mullaitivu,2002,Yala,29.135883,32.88,26.47,247.38,76.4617,21.204445,6.7930717
Mullaitivu,2003,Maha,27.28052,32.37,23.04,716.38,78.56118,18.430471,5.750613
Mullaitivu,2003,Yala,28.996078,33.68,26.23,292.3,77.36869,20.324118,6.5443788
Mullaitivu,2004,Maha,27.09601,33.33,22.68,968.7,78.211174,17.989202,5.693756
Mullaitivu,2004,Yala,28.877256,35.5,26.05,339.25,76.920525,20.631243,6.790653
Mullaitivu,2005,Maha,27.14217,32.48,23.78,950.77,79.5332,17.973585,5.501698
Mullaitivu,2005,Yala,28.968431,32.91,26.04,342.16,78.53641,20.899347,6.773333
Mullaitivu,2006,Maha,26.88165,32.09,22.51,933.02,79.70269,18.277878,5.442217
Mullaitivu,2006,Yala,29.052094,33.52,26.19,220.8,75.61392,21.414312,6.972484
Mullaitivu,2007,Maha,26.941698,32.35,22.6,908.95,77.381134,18.713774,5.6355186
Mullaitivu,2007,Yala,28.940327,33.53,26.1,252.64,77.18503,20.48464,6.6548367
Mullaitivu,2008,Maha,27.184227,32.77,22.94,964.64,77.98104,18.272957,5.39892
Mullaitivu,2008,Yala,28.55392,32.13,26.08,233.26,78.704185,21.230982,6.810523
Mullaitivu,2009,Maha,27.288586,32.65,23.49,1029.95,76.72651,19.10085,5.3895283
Mullaitivu,2009,Yala,29.003204,33.51,25.82,253.3,76.87418,20.97183,7.1618958
Mullaitivu,2010,Maha,27.079338,32.98,23.42,1325.6,79.86528,17.986462,5.1347637
Mullaitivu,2010,Yala,29.381044,34.09,26.29,421.19,76.19941,20.617254,6.3697386
Mullaitivu,2011,Maha,27.113396,32.41,23.04,1431.35,79.269806,17.476841,5.553821
Mullaitivu,2011,Yala,28.811111,32.62,25.48,375.59,77.20203,21.092352,6.6272545
Mullaitivu,2012,Maha,27.247137,32.64,23.2,1255.06,78.11075,18.703098,5.359061
Mullaitivu,2012,Yala,29.361897,33.11,26.64,175.59,74.14222,21.189346,7.321699
Mullaitivu,2013,Maha,27.124859,31.82,23.92,1026.35,79.04811,18.27651,5.7411795
Mullaitivu,2013,Yala,28.809149,32.53,26.23,327.24,78.15327,20.739542,6.6571894
Mullaitivu,2014,Maha,27.137217,33.01,23.35,1392.57,78.857124,17.582357,5.641227
Mullaitivu,2014,Yala,29.277191,33.15,26.1,339.76,76.240456,21.257973,6.4724183
Mullaitivu,2015,Maha,27.191793,32.31,23.97,1427.26,80.52094,18.284056,5.2534432
Mullaitivu,2015,Yala,28.881437,32.37,26.82,451.0,79.71928,21.184837,6.2479086
Mullaitivu,2016,Maha,27.66263,33.24,22.42,534.84,75.70568,19.27155,5.2274175
Mullaitivu,2016,Yala,29.422747,34.6,26.3,477.32,76.64379,20.780914,6.185033
Mullaitivu,2017,Maha,27.2408,32.35,23.05,854.87,77.99274,18.293112,5.388302
Mullaitivu,2017,Yala,29.547647,34.72,26.09,266.5,75.23699,21.045883,6.251569
Mullaitivu,2018,Maha,27.189953,33.28,22.96,753.16003,77.73685,18.243208,5.058302
Mullaitivu,2018,Yala,29.004576,33.99,26.11,349.15,77.30529,20.171568,6.506732
Mullaitivu,2019,Maha,27.47816,33.81,23.59,1143.65,78.2132,19.206982,5.0956607
Mullaitivu,2019,Yala,29.869936,34.91,26.62,222.81,73.55124,21.062353,6.8807845
Mullaitivu,2020,Maha,27.518826,31.92,24.13,1219.99,78.355774,18.309858,5.7328167
Mullaitivu,2020,Yala,29.376797,33.66,25.77,356.23,76.168304,20.50693,6.021634
Mullaitivu,2021,Maha,27.259434,32.63,23.45,1575.62,80.77383,18.077595,5.2799997
Mullaitivu,2021,Yala,29.100784,33.03,26.07,397.69,77.736664,20.381504,6.21
Mullaitivu,2022,Maha,27.21802,32.11,21.28,1153.79,79.62792,17.91868,5.3498588
Mullaitivu,2022,Yala,28.688496,32.02,25.94,530.18,79.55,19.989412,6.1075816
Mullaitivu,2023,Maha,27.397783,32.89,23.54,1508.94,79.76915,17.935,5.4844337
Mullaitivu,2023,Yala,29.350458,33.45,26.45,330.43,77.12006,20.788301,6.040653
Mullaitivu,2024,Maha,27.8077,32.33,24.56,992.12,80.034325,18.258217,5.4740844
Mullaitivu,2024,Yala,29.702484,35.46,26.76,353.55,77.117584,20.182352,6.0562744
Mullaitivu,2025,Maha,27.41514,32.21,23.83,1446.93,79.765526,17.574953,5.356085
Mullaitivu,2025,Yala,29.33856,32.89,26.41,335.57,77.430725,20.926863,6.191634
Nuwara Eliya,2000,Maha,22.49338,32.67,11.58,564.46,83.835724,17.644695,3.3622534
Nuwara Eliya,2000,Yala,23.315884,33.47,19.23,477.87,82.96425,17.902681,5.0311112
Nuwara Eliya,2001,Maha,22.44401,34.41,12.14,721.94,83.42193,18.427925,3.2924056
Nuwara Eliya,2001,Yala,23.288692,34.81,18.21,456.88,85.305756,18.332941,4.6031375
Nuwara Eliya,2002,Maha,22.893822,33.85,13.63,799.69,82.48438,18.484386,3.2242923
Nuwara Eliya,2002,Yala,23.565948,33.92,18.88,471.78,84.53823,18.039085,4.643922
Nuwara Eliya,2003,Maha,22.52085,30.77,14.08,662.57,85.10368,18.695189,3.4657547
Nuwara Eliya,2003,Yala,23.496536,32.8,19.41,446.01,86.284706,17.89255,4.244967
Nuwara Eliya,2004,Maha,22.943617,34.62,12.51,1008.6,82.69145,17.95695,3.2786853
Nuwara Eliya,2004,Yala,23.50941,33.95,19.63,434.43,83.9483,18.217909,5.074183
Nuwara Eliya,2005,Maha,22.167831,30.12,14.02,940.01,87.844055,18.10481,3.403868
Nuwara Eliya,2005,Yala,23.438105,30.91,19.62,425.75,86.96438,18.552092,4.4591503
Nuwara Eliya,2006,Maha,21.979763,29.34,10.6,1436.71,88.851234,17.389246,3.1720753
Nuwara Eliya,2006,Yala,23.015099,30.06,17.41,498.48,87.28902,18.299608,4.5057516
Nuwara Eliya,2007,Maha,21.75618,30.15,13.41,990.57,87.08264,18.339859,3.3171225
Nuwara Eliya,2007,Yala,23.022484,29.89,19.33,611.75,88.6315,18.00111,4.1287584
Nuwara Eliya,2008,Maha,22.029531,29.01,13.51,1012.95,87.9839,18.024038,2.8728168
Nuwara Eliya,2008,Yala,22.592941,29.15,18.82,662.56,90.50562,17.413857,4.1330066
Nuwara Eliya,2009,Maha,22.246696,32.63,13.49,1055.77,84.76713,18.588396,3.0285378
Nuwara Eliya,2009,Yala,23.015099,29.98,18.84,621.41,88.83836,17.791634,4.7456865
Nuwara Eliya,2010,Maha,21.869764,30.56,13.8,1538.6,88.65784,17.923443,3.1443868
Nuwara Eliya,2010,Yala,22.984837,30.26,19.14,1001.63,90.06627,17.381046,4.2309804
Nuwara Eliya,2011,Maha,21.975754,28.53,14.0,1716.98,89.36236,17.338963,3.046745
Nuwara Eliya,2011,Yala,22.60379,29.06,17.07,694.64,90.23765,18.328629,4.2168627
Nuwara Eliya,2012,Maha,22.098122,29.51,13.88,1480.96,87.14441,18.221548,2.6995776
Nuwara Eliya,2012,Yala,22.91,29.23,18.22,595.49,88.433655,18.433006,4.569216
Nuwara Eliya,2013,Maha,22.011179,29.56,14.71,1229.74,89.03656,17.755472,3.1801887
Nuwara Eliya,2013,Yala,22.705816,29.59,19.53,795.07,90.80941,17.491241,4.567974
Nuwara Eliya,2014,Maha,22.136839,31.19,11.77,1659.37,87.51943,17.86467,2.9900944
Nuwara Eliya,2014,Yala,23.225294,32.14,18.7,691.93,88.145226,18.092354,4.368562
Nuwara Eliya,2015,Maha,22.19151,28.84,13.66,1548.01,88.98481,18.084717,2.7217453
Nuwara Eliya,2015,Yala,23.148169,29.43,18.57,686.87,89.46732,18.444706,3.8783007
Nuwara Eliya,2016,Maha,22.546715,30.61,13.05,640.89,85.760475,18.919483,3.1541786
Nuwara Eliya,2016,Yala,23.431635,31.18,19.35,666.23,87.96392,18.437319,4.4928107
Nuwara Eliya,2017,Maha,22.459055,31.79,12.48,1154.45,84.92698,18.11099,3.0680661
Nuwara Eliya,2017,Yala,23.581764,32.34,19.24,502.77,85.846405,18.685947,4.2971244
Nuwara Eliya,2018,Maha,22.152264,29.87,12.52,918.69,86.847595,18.640047,2.6098583
Nuwara Eliya,2018,Yala,22.956861,30.53,18.79,796.08,88.82994,17.365294,4.4175816
Nuwara Eliya,2019,Maha,22.529434,32.01,14.4,1487.72,87.00839,17.979057,2.6754718
Nuwara Eliya,2019,Yala,24.05366,33.58,17.94,471.92,83.14033,18.209085,4.3467975
Nuwara Eliya,2020,Maha,22.498074,31.03,14.23,939.69,87.1231,19.064741,3.2636151
Nuwara Eliya,2020,Yala,23.499739,31.66,15.71,755.04,87.0568,18.449411,3.8512418
Nuwara Eliya,2021,Maha,22.178679,28.93,13.84,1477.51,89.55774,17.708916,3.1856132
Nuwara Eliya,2021,Yala,23.043726,29.69,18.68,955.22003,90.30693,18.46183,4.1632023
Nuwara Eliya,2022,Maha,22.04198,29.54,14.14,1252.06,88.80127,18.02118,3.1649058
Nuwara Eliya,2022,Yala,22.903988,29.43,19.38,1024.95,90.554245,17.396404,4.458562
Nuwara Eliya,2023,Maha,22.32618,29.73,13.39,2079.66,89.71929,16.866934,3.0901887
Nuwara Eliya,2023,Yala,23.504053,30.07,18.14,646.83,88.26059,18.643333,4.1156864
Nuwara Eliya,2024,Maha,22.893614,30.92,14.18,1013.1,88.12099,18.574368,3.1910799
Nuwara Eliya,2024,Yala,24.058104,31.61,19.14,615.88,87.19059,17.341242,4.1166663
Nuwara Eliya,2025,Maha,22.263443,29.11,14.15,1945.61,89.16683,17.706179,3.179198
Nuwara Eliya,2025,Yala,23.042746,28.81,19.22,744.18,90.64046,18.063988,4.4486275
Polonnaruwa,2000,Maha,26.66878,35.56,20.21,791.46,78.04423,17.383333,4.277183
Polonnaruwa,2000,Yala,28.951765,38.3,23.67,301.41,68.74248,21.324444,5.8973856
Polonnaruwa,2001,Maha,26.472923,38.12,19.04,860.47,79.352974,18.786463,4.0325475
Polonnaruwa,2001,Yala,28.258562,36.43,23.34,400.88,74.90497,21.286144,5.801046
Polonnaruwa,2002,Maha,26.762499,37.34,20.01,1068.04,79.311134,18.130896,4.089434
Polonnaruwa,2002,Yala,28.91438,36.59,23.94,262.91998,71.62719,21.082092,5.9063396
Polonnaruwa,2003,Maha,26.666368,37.02,20.59,939.73,80.26411,18.100803,4.3059907
Polonnaruwa,2003,Yala,28.844053,36.39,23.65,197.06,72.759346,20.77379,5.269085
Polonnaruwa,2004,Maha,26.578405,36.88,19.86,1416.2,80.11409,17.78366,4.212958
Polonnaruwa,2004,Yala,28.856863,38.34,23.66,272.94,71.12876,21.233988,5.996144
Polonnaruwa,2005,Maha,26.40868,36.86,20.52,957.02,81.82538,18.186274,4.218915
Polonnaruwa,2005,Yala,28.877712,37.08,24.0,260.93,73.49177,21.215816,5.4226794
Polonnaruwa,2006,Maha,26.248398,35.85,20.03,1202.17,82.0583,17.390896,3.896368
Polonnaruwa,2006,Yala,28.853529,37.3,23.7,219.12,70.94915,21.383333,5.5253596
Polonnaruwa,2007,Maha,26.163208,34.88,20.03,924.58,79.68538,18.288868,4.229434
Polonnaruwa,2007,Yala,28.42791,36.7,23.57,391.93,74.922554,20.422613,5.180065
Polonnaruwa,2008,Maha,26.466854,37.23,20.58,1168.79,80.52939,18.018217,3.872535
Polonnaruwa,2008,Yala,27.505228,34.77,23.31,258.35,79.755295,20.887386,4.920588
Polonnaruwa,2009,Maha,26.718302,37.17,20.68,1199.26,77.37967,18.434057,4.09316
Polonnaruwa,2009,Yala,28.51791,36.79,23.51,330.23,74.35823,20.820131,5.9269934
Polonnaruwa,2010,Maha,26.105,34.87,20.52,1561.95,83.23269,17.996462,3.9472642
Polonnaruwa,2010,Yala,28.328562,35.62,23.27,506.98,76.96143,20.768694,5.1458826
Polonnaruwa,2011,Maha,26.199152,36.33,20.31,2505.09,83.48363,16.977453,3.9204717
Polonnaruwa,2011,Yala,27.58281,34.46,21.21,429.08002,79.54497,21.468431,5.1253595
Polonnaruwa,2012,Maha,26.28845,37.1,19.7,1720.27,81.50376,18.22784,3.6415493
Polonnaruwa,2012,Yala,28.824839,37.51,21.83,240.45,71.43484,21.303398,5.606993
Polonnaruwa,2013,Maha,26.418821,36.14,20.53,1313.29,81.3758,17.81901,4.06533
Polonnaruwa,2013,Yala,27.709606,34.99,23.65,365.89,79.31222,20.687386,5.4888234
Polonnaruwa,2014,Maha,26.513584,36.76,20.07,1865.35,80.2967,17.195518,4.0464153
Polonnaruwa,2014,Yala,28.78856,36.65,23.06,339.03,73.28373,21.22085,5.5486927
Polonnaruwa,2015,Maha,26.249388,36.58,21.23,1770.41,84.364296,17.871132,3.5459433
Polonnaruwa,2015,Yala,27.927124,35.61,23.82,548.17,79.98987,21.36477,4.6294117
Polonnaruwa,2016,Maha,27.049109,37.75,20.45,729.67,77.69554,19.051174,4.193427
Polonnaruwa,2016,Yala,28.762615,36.51,24.04,522.99,75.01209,21.043007,5.436863
Polonnaruwa,2017,Maha,26.575613,35.46,20.21,1258.85,79.54137,18.64014,3.8625944
Polonnaruwa,2017,Yala,29.06438,36.79,22.57,282.75,72.05144,21.534903,5.2001963
Polonnaruwa,2018,Maha,26.370613,37.88,19.82,1058.05,81.18307,17.923775,3.5196226
Polonnaruwa,2018,Yala,27.90634,35.39,23.33,489.57,78.295425,20.562222,5.2516994
Polonnaruwa,2019,Maha,26.698112,37.02,21.01,1653.29,80.9949,18.00033,3.6077359
Polonnaruwa,2019,Yala,30.039085,38.76,23.33,190.18,66.35758,20.877974,5.2217646
Polonnaruwa,2020,Maha,26.796339,36.07,20.94,1130.33,80.096855,18.827888,4.2313147
Polonnaruwa,2020,Yala,28.607712,36.71,22.85,471.21,75.59981,20.326014,4.5997386
Polonnaruwa,2021,Maha,26.33415,34.61,20.29,1706.74,84.08708,17.768679,3.9052358
Polonnaruwa,2021,Yala,27.915688,34.44,23.08,445.77,79.78889,20.662157,4.886928
Polonnaruwa,2022,Maha,26.233725,35.04,19.06,1478.71,83.49179,18.133537,3.9735851
Polonnaruwa,2022,Yala,27.779673,34.96,23.68,564.43,80.03,20.302681,5.0181704
Polonnaruwa,2023,Maha,26.499292,36.7,19.92,2743.63,83.8441,17.366085,3.760283
Polonnaruwa,2023,Yala,28.793139,38.01,23.21,306.86,75.380394,21.35608,4.836536
Polonnaruwa,2024,Maha,26.987886,36.19,21.14,1448.49,83.10953,18.584696,4.0360093
Polonnaruwa,2024,Yala,29.171505,37.84,23.98,457.53,75.58471,20.383139,4.840131
Polonnaruwa,2025,Maha,26.545801,36.11,21.33,2053.59,83.33273,17.599669,4.0052357
Polonnaruwa,2025,Yala,28.021242,36.07,22.84,407.28,79.496666,20.952484,5.2842484
Puttalam,2000,Maha,26.919203,36.65,18.51,579.02,75.870514,19.37493,5.0008454
Puttalam,2000,Yala,27.728563,35.07,24.04,343.94,77.38699,21.453398,6.8168626
Puttalam,2001,Maha,26.50934,35.76,17.39,557.49,78.914955,19.430897,5.0087733
Puttalam,2001,Yala,27.48928,36.47,23.95,478.98,80.91568,21.349869,5.9728756
Puttalam,2002,Maha,26.877123,36.12,19.08,809.46,78.01627,19.6625,5.0598116
Puttalam,2002,Yala,27.816406,35.81,24.53,376.83,79.61791,21.971895,6.1071243
Puttalam,2003,Maha,26.661228,34.24,19.09,624.67,79.891884,20.042593,5.23783
Puttalam,2003,Yala,28.032486,36.09,24.14,347.38,79.10281,21.152418,5.923595
Puttalam,2004,Maha,26.965117,36.6,18.8,723.52,77.075584,19.687277,5.201737
Puttalam,2004,Yala,27.975098,35.45,24.65,334.84,77.72418,21.479868,6.573464
Puttalam,2005,Maha,26.461603,35.19,19.32,885.02,81.039856,19.597548,5.0150003
Puttalam,2005,Yala,27.966864,33.44,24.63,330.42,79.76876,21.472746,6.2213073
Puttalam,2006,Maha,25.976416,31.95,17.85,1256.0,83.586975,19.385473,4.785849
Puttalam,2006,Yala,27.695229,32.94,24.42,309.55,79.422615,21.809738,6.306536
Puttalam,2007,Maha,26.217548,37.18,18.75,817.43,79.359955,20.051603,4.983207
Puttalam,2007,Yala,27.762287,35.61,24.19,346.94998,79.94483,21.430588,6.0092154
Puttalam,2008,Maha,26.314693,33.0,19.06,943.77,80.93582,19.370329,4.6840844
Puttalam,2008,Yala,27.238955,31.56,23.67,332.06,82.37752,21.763596,6.151503
Puttalam,2009,Maha,26.767878,36.85,18.81,834.96,77.02486,20.31769,4.7831135
Puttalam,2009,Yala,27.733593,34.29,24.32,336.04,80.399605,21.45379,6.6199346
Puttalam,2010,Maha,26.361227,36.65,19.76,1192.08,81.2267,19.321556,4.740283
Puttalam,2010,Yala,27.802027,34.99,24.12,483.88,81.17516,21.25732,6.0707846
Puttalam,2011,Maha,26.16382,32.76,18.69,1034.26,82.96009,19.037735,4.8193398
Puttalam,2011,Yala,27.350851,31.72,23.31,418.19,81.897446,22.01523,6.1415687
Puttalam,2012,Maha,26.561878,35.24,19.54,1210.51,79.99991,19.75845,4.5933332
Puttalam,2012,Yala,27.977581,33.39,24.59,272.45,77.87451,21.746208,6.738497
Puttalam,2013,Maha,26.227736,32.23,20.06,907.14,82.36788,19.550896,4.9859433
Puttalam,2013,Yala,27.44719,32.25,24.37,301.31,81.99974,21.222027,6.3631372
Puttalam,2014,Maha,26.741179,37.98,19.16,1342.35,79.00274,18.973396,4.877877
Puttalam,2014,Yala,27.917385,36.84,24.31,444.82,80.61079,22.15732,6.0533986
Puttalam,2015,Maha,26.337688,33.74,19.68,1220.96,83.319435,19.618727,4.557736
Puttalam,2015,Yala,27.734379,32.96,24.16,506.05,82.47497,21.73366,5.610588
Puttalam,2016,Maha,26.922674,36.08,18.76,443.46,78.097466,20.274788,4.894554
Puttalam,2016,Yala,28.133333,36.03,24.73,532.01,80.16673,21.62621,5.9787583
Puttalam,2017,Maha,26.800236,34.57,18.96,723.8,77.8774,19.61986,4.7893395
Puttalam,2017,Yala,28.358692,34.88,24.74,271.5,77.923004,21.697908,6.2530065
Puttalam,2018,Maha,26.850283,36.1,18.9,675.76,77.52094,19.496696,4.411415
Puttalam,2018,Yala,27.525034,35.1,24.3,542.29,82.26745,20.607908,5.8996735
Puttalam,2019,Maha,26.983255,37.35,19.94,1208.98,79.159904,19.798115,4.411651
Puttalam,2019,Yala,29.049543,37.33,24.99,245.41,73.91576,21.389019,6.3771243
Puttalam,2020,Maha,26.924461,36.22,19.91,811.62,79.73901,19.628544,5.092066
Puttalam,2020,Yala,28.298695,37.36,23.5,468.31,78.58902,21.07889,5.599412
Puttalam,2021,Maha,26.35986,33.02,19.76,1317.74,83.66085,19.26717,4.840896
Puttalam,2021,Yala,27.648237,34.62,23.8,565.02997,82.749275,21.274902,5.8228106
Puttalam,2022,Maha,26.428726,33.21,19.26,900.21,81.75887,19.154905,4.7973113
Puttalam,2022,Yala,27.450327,32.82,24.14,585.16,82.79889,20.432613,6.0132027
Puttalam,2023,Maha,26.512972,33.79,19.35,1479.9,83.231316,18.82269,4.743679
Puttalam,2023,Yala,28.373203,33.83,23.87,342.87,79.028366,21.80608,5.878039
Puttalam,2024,Maha,27.107466,36.35,20.48,833.97,82.08779,19.420986,4.844742
Puttalam,2024,Yala,28.691046,37.44,24.63,538.38,79.64994,20.387974,5.616013
Puttalam,2025,Maha,26.482595,32.65,19.71,1344.0599,83.38056,18.575943,4.8818865
Puttalam,2025,Yala,27.77477,32.45,23.83,474.05,83.505424,21.477777,6.0419607
Ratnapura,2000,Maha,25.174837,35.47,16.69,480.43,79.069435,17.644695,3.1121128
Ratnapura,2000,Yala,25.591635,35.71,21.42,478.73,80.515686,17.902681,5.2408495
Ratnapura,2001,Maha,25.192595,36.48,14.98,626.94,78.73845,18.427925,3.1107547
Ratnapura,2001,Yala,25.825163,36.73,21.11,346.33,80.87549,18.332941,4.854967
Ratnapura,2002,Maha,25.627218,37.25,16.27,734.71,77.53364,18.484386,3.0982075
Ratnapura,2002,Yala,25.962091,35.81,21.19,440.13,80.90601,18.039085,4.791111
Ratnapura,2003,Maha,25.109293,34.07,16.44,589.18,81.05306,18.695189,3.1726887
Ratnapura,2003,Yala,25.554052,35.61,21.17,514.94,85.04209,17.89255,4.321307
Ratnapura,2004,Maha,25.419579,36.74,15.94,925.37,79.58761,17.95695,2.9703755
Ratnapura,2004,Yala,25.807777,35.31,21.18,428.84,81.215485,18.217909,5.1966014
Ratnapura,2005,Maha,24.667454,33.54,16.66,881.65,83.99797,18.10481,3.3674057
Ratnapura,2005,Yala,25.689018,32.97,22.09,415.59,84.297775,18.552092,4.6090198
Ratnapura,2006,Maha,24.395237,32.91,13.75,1371.9,85.79363,17.389246,2.822217
Ratnapura,2006,Yala,25.398693,32.85,20.41,480.09,84.083206,18.299608,4.62183
Ratnapura,2007,Maha,24.090189,32.12,15.99,988.38,85.33599,18.339859,3.0487266
Ratnapura,2007,Yala,25.097712,31.07,21.48,662.4,87.407776,18.00111,4.215817
Ratnapura,2008,Maha,24.376291,30.96,16.06,930.65,85.336525,18.024038,2.6653054
Ratnapura,2008,Yala,24.659607,30.4,21.23,703.05,88.91536,17.413857,4.1837254
Ratnapura,2009,Maha,24.706509,35.83,15.95,1005.18,82.32491,18.588396,2.8342452
Ratnapura,2009,Yala,25.25817,33.28,21.06,698.54,86.522354,17.791634,4.799673
Ratnapura,2010,Maha,24.245565,33.46,16.48,1472.5,85.94985,17.923443,3.1250472
Ratnapura,2010,Yala,25.047974,31.45,21.26,1056.14,89.02085,17.381046,4.317843
Ratnapura,2011,Maha,24.182642,30.3,15.9,1593.92,87.89302,17.338963,2.7266982
Ratnapura,2011,Yala,24.667711,30.91,20.2,765.33,89.69242,18.328629,4.2332025
Ratnapura,2012,Maha,24.261127,31.25,15.67,1518.68,86.19187,18.221548,2.5059156
Ratnapura,2012,Yala,24.923988,30.76,20.3,710.08997,87.60745,18.433006,4.4620914
Ratnapura,2013,Maha,24.311087,31.02,17.09,1183.98,86.95948,17.755472,2.8361793
Ratnapura,2013,Yala,24.749672,31.25,21.69,840.31,90.063,17.491241,4.5577126
Ratnapura,2014,Maha,24.42316,33.44,15.31,1542.36,85.44189,17.86467,2.8422642
Ratnapura,2014,Yala,25.383856,33.39,20.74,732.27997,86.3434,18.092354,4.5198693
Ratnapura,2015,Maha,24.361416,31.1,16.25,1611.76,87.76359,18.084717,2.54533
Ratnapura,2015,Yala,25.108105,30.8,21.24,791.45,89.27124,18.444706,3.8621566
Ratnapura,2016,Maha,24.86263,32.22,16.75,738.78,84.08309,18.919483,2.978169
Ratnapura,2016,Yala,25.456993,32.45,21.63,682.49,87.20255,18.437319,4.5416994
Ratnapura,2017,Maha,24.735565,33.07,15.2,1254.74,83.226234,18.11099,2.891415
Ratnapura,2017,Yala,25.58647,33.01,22.07,585.85,85.460785,18.685947,4.4524183
Ratnapura,2018,Maha,24.434008,31.88,15.31,945.16,84.94246,18.640047,2.456934
Ratnapura,2018,Yala,24.921568,32.13,21.1,866.36,88.67307,17.365294,4.4173856
Ratnapura,2019,Maha,24.846226,34.47,17.05,1677.46,84.90448,17.979057,2.5411792
Ratnapura,2019,Yala,26.087387,35.11,20.36,581.83,82.639084,18.209085,4.2655554
Ratnapura,2020,Maha,24.768028,32.95,16.9,941.09,85.71911,19.064741,3.065352
Ratnapura,2020,Yala,25.492222,33.62,18.46,810.18,86.64065,18.449411,3.960588
Ratnapura,2021,Maha,24.488113,31.03,16.89,1488.97,87.37685,17.708916,3.002264
Ratnapura,2021,Yala,25.158365,31.44,20.93,957.97,88.64595,18.46183,4.305948
Ratnapura,2022,Maha,24.41066,31.18,17.04,1175.56,86.455894,18.02118,2.9795282
Ratnapura,2022,Yala,24.957779,31.46,21.39,1024.54,89.369545,17.396404,4.598954
Ratnapura,2023,Maha,24.518066,31.58,15.7,2391.03,88.07439,16.866934,2.8228774
Ratnapura,2023,Yala,25.567778,31.86,20.54,698.57,87.66157,18.643333,4.1892157
Ratnapura,2024,Maha,25.141598,32.36,16.66,1091.63,86.464836,18.574368,3.0392017
Ratnapura,2024,Yala,26.042353,33.0,21.5,648.38,86.980064,17.341242,4.130719
Ratnapura,2025,Maha,24.653963,31.47,17.18,1883.01,86.768776,17.706179,2.8975
Ratnapura,2025,Yala,25.202417,30.47,21.27,681.64,89.2951,18.063988,4.4793468
Trincomalee,2000,Maha,27.046057,33.43,21.9,787.4,77.7584,18.028357,5.264742
Trincomalee,2000,Yala,29.01817,36.83,24.92,254.44,72.043594,21.205294,6.7275815
Trincomalee,2001,Maha,26.885754,36.01,21.39,837.49,78.861984,18.76316,4.928443
Trincomalee,2001,Yala,28.54647,34.73,24.69,397.27,77.011826,21.089214,6.6771894
Trincomalee,2002,Maha,27.106745,35.39,22.34,1126.59,78.8784,18.758821,5.0001416
Trincomalee,2002,Yala,29.133007,34.8,25.32,204.33,73.97307,21.025816,6.761765
Trincomalee,2003,Maha,27.153915,34.4,22.9,933.71,78.92033,18.749386,5.24434
Trincomalee,2003,Yala,29.003073,34.54,25.31,193.04,75.00791,20.508694,6.318366
Trincomalee,2004,Maha,27.029297,34.58,22.26,1211.79,78.61192,18.384695,5.2013617
Trincomalee,2004,Yala,28.934704,35.92,25.18,325.15,74.10556,20.7417,6.835621
Trincomalee,2005,Maha,27.036037,34.82,22.86,1024.57,79.56906,18.47349,5.138208
Trincomalee,2005,Yala,29.057646,35.1,25.56,286.8,75.62079,21.072876,6.3520913
Trincomalee,2006,Maha,26.767643,33.79,21.96,1044.61,80.1891,18.324905,4.8489623
Trincomalee,2006,Yala,29.044903,35.18,25.28,195.17,73.231964,21.090849,6.5648365
Trincomalee,2007,Maha,26.778631,33.72,21.97,846.54,77.55047,18.849009,5.2433963
Trincomalee,2007,Yala,28.838299,35.03,25.03,301.15,75.46941,20.188889,6.303464
Trincomalee,2008,Maha,27.020092,35.91,22.41,1125.32,78.62113,18.270517,4.888028
Trincomalee,2008,Yala,28.149673,33.49,25.32,229.86,78.77961,21.07804,6.31817
Trincomalee,2009,Maha,27.093916,35.08,22.59,1192.11,77.05113,18.827547,4.954434
Trincomalee,2009,Yala,28.816732,34.68,25.2,319.56,75.95274,20.789673,6.952876
Trincomalee,2010,Maha,26.828066,33.2,22.93,1425.11,80.476326,17.849197,4.8878303
Trincomalee,2010,Yala,28.975883,34.45,24.81,409.75,76.157776,20.8383,6.2413073
Trincomalee,2011,Maha,26.869764,34.62,22.33,2310.7,80.61132,17.466604,4.9732075
Trincomalee,2011,Yala,28.296537,33.34,23.98,441.46,78.28719,21.379936,6.3362093
Trincomalee,2012,Maha,27.00014,34.87,22.74,1741.88,78.658585,18.7454,4.6615024
Trincomalee,2012,Yala,29.234379,35.62,25.19,169.48,72.430916,21.143463,6.839281
Trincomalee,2013,Maha,26.995707,34.09,22.98,1251.39,79.226036,17.965849,5.1454244
Trincomalee,2013,Yala,28.269869,33.37,25.22,350.44,78.97882,20.639738,6.502941
Trincomalee,2014,Maha,26.991226,34.83,22.62,1667.03,78.97995,17.729433,5.0265565
Trincomalee,2014,Yala,28.985294,34.22,25.19,298.25,75.34059,21.122156,6.471634
Trincomalee,2015,Maha,26.948631,34.51,23.48,1732.42,81.33708,18.418821,4.5966983
Trincomalee,2015,Yala,28.534838,34.21,25.46,504.56,79.41987,21.57366,5.9060783
Trincomalee,2016,Maha,27.605822,35.36,22.46,671.07,75.80328,19.187418,4.968216
Trincomalee,2016,Yala,29.049805,35.43,25.49,676.23,76.623924,20.942614,6.3816996
Trincomalee,2017,Maha,27.108067,33.81,22.55,997.21,78.0142,18.61198,4.8590565
Trincomalee,2017,Yala,29.28608,35.41,25.18,311.45,74.211044,20.916079,6.0985622
Trincomalee,2018,Maha,26.997313,35.61,22.21,902.51,78.505714,18.202263,4.479953
Trincomalee,2018,Yala,28.424643,33.96,25.52,438.78,78.33745,20.320393,6.307974
Trincomalee,2019,Maha,27.209906,34.27,23.19,1496.76,79.14057,18.496462,4.5660377
Trincomalee,2019,Yala,29.96392,36.43,25.16,202.06,70.47006,20.700195,6.337843
Trincomalee,2020,Maha,27.320328,33.55,23.8,1046.3,78.6492,18.229671,5.235493
Trincomalee,2020,Yala,28.950787,34.31,24.88,457.46,76.47438,20.365164,5.708366
Trincomalee,2021,Maha,27.06066,33.49,22.76,1556.74,81.12854,18.101461,4.888255
Trincomalee,2021,Yala,28.641308,33.79,25.0,412.16,78.26896,20.40183,6.0452285
Trincomalee,2022,Maha,26.952124,33.46,21.53,1283.07,80.50094,17.954481,4.981368
Trincomalee,2022,Yala,28.23026,33.13,24.91,645.52,80.077255,19.829674,6.0356865
Trincomalee,2023,Maha,27.206413,34.39,22.61,2036.01,80.438065,18.124763,4.8436317
Trincomalee,2023,Yala,29.115097,35.85,25.23,345.64,76.306015,20.75353,5.7118955
Trincomalee,2024,Maha,27.635635,34.44,23.24,1264.84,80.54126,18.385633,4.9933333
Trincomalee,2024,Yala,29.460848,35.68,25.85,400.62,76.621506,20.150328,5.906536
Trincomalee,2025,Maha,27.224106,34.24,23.75,1814.43,80.48712,17.792925,4.9440565
Trincomalee,2025,Yala,28.684446,34.69,24.48,441.78,78.653854,20.563856,6.260196
Vavuniya,2000,Maha,26.831877,35.81,18.96,681.15,76.49286,18.089296,4.72108
Vavuniya,2000,Yala,28.968954,38.22,24.27,231.34,70.62666,20.950653,6.10549
Vavuniya,2001,Maha,26.574387,37.86,18.75,786.51,78.707596,18.371414,4.4262733
Vavuniya,2001,Yala,28.249084,36.92,24.0,402.24,77.039604,20.643202,5.6693463
Vavuniya,2002,Maha,26.657074,36.55,19.29,840.23,79.29906,18.4567,4.4517927
Vavuniya,2002,Yala,29.016863,36.42,23.79,233.86,73.1019,20.685555,5.951438
Vavuniya,2003,Maha,26.733067,36.32,20.23,722.34,79.2551,18.452784,4.6920753
Vavuniya,2003,Yala,28.859282,37.12,23.79,256.52,74.18039,20.353464,5.5817647
Vavuniya,2004,Maha,26.714367,37.42,19.61,965.03,77.98357,17.802582,4.6094837
Vavuniya,2004,Yala,28.795815,39.64,24.62,305.77,73.34104,20.454313,5.8907843
Vavuniya,2005,Maha,26.419529,35.23,19.98,880.09,81.22811,18.118916,4.441887
Vavuniya,2005,Yala,28.638235,36.19,24.56,299.24,76.286736,20.523335,5.767516
Vavuniya,2006,Maha,26.149246,34.7,18.74,970.54,81.87996,17.75816,4.3235846
Vavuniya,2006,Yala,28.901373,36.41,23.94,205.52,72.4751,21.114706,6.0072546
Vavuniya,2007,Maha,26.323586,36.87,19.33,885.27,78.19066,18.473349,4.6042924
Vavuniya,2007,Yala,28.832417,36.58,24.33,224.31,73.77033,19.741896,5.7373857
Vavuniya,2008,Maha,26.499249,36.69,19.82,969.33,79.48291,17.809954,4.3385916
Vavuniya,2008,Yala,28.00098,34.9,23.51,214.11,77.87483,20.587711,5.7028756
Vavuniya,2009,Maha,26.721981,36.4,19.77,997.55,77.20113,18.661085,4.4350944
Vavuniya,2009,Yala,28.824379,36.21,23.9,257.94,73.89131,19.891176,6.2530723
Vavuniya,2010,Maha,26.233774,35.76,19.65,1285.11,82.1709,17.63849,4.176651
Vavuniya,2010,Yala,28.973856,37.64,24.4,352.27,74.45131,20.174706,5.5183005
Vavuniya,2011,Maha,26.237358,35.71,19.88,1551.04,82.5325,17.210331,4.396321
Vavuniya,2011,Yala,28.12732,35.21,21.4,374.37,77.39143,20.719934,5.6333337
Vavuniya,2012,Maha,26.49479,35.63,20.11,1386.44,80.13732,18.047888,4.2849298
Vavuniya,2012,Yala,29.255424,36.01,23.86,147.69,70.518364,20.804836,6.3663397
Vavuniya,2013,Maha,26.293303,34.8,20.88,1048.27,81.56081,17.758396,4.5678773
Vavuniya,2013,Yala,28.082548,34.29,23.4,299.54,78.54287,20.10974,5.7373204
Vavuniya,2014,Maha,26.58104,37.29,19.7,1486.29,79.70741,17.153255,4.4566035
Vavuniya,2014,Yala,28.94745,37.68,24.0,345.41,74.2264,20.70438,5.625425
Vavuniya,2015,Maha,26.23934,35.26,20.34,1471.88,84.006836,17.821274,4.127453
Vavuniya,2015,Yala,28.155752,35.43,24.24,453.99,80.40196,20.67706,5.1928105
Vavuniya,2016,Maha,27.053288,36.91,19.73,536.73,76.60939,18.916948,4.35
Vavuniya,2016,Yala,28.959606,37.44,24.38,507.52,75.65941,20.498169,5.2584314
Vavuniya,2017,Maha,26.63217,34.76,19.67,782.52997,78.657455,18.574717,4.338915
Vavuniya,2017,Yala,29.377514,37.32,23.49,272.17,72.368034,20.88451,5.4041834
Vavuniya,2018,Maha,26.70698,37.46,19.55,794.83,78.02269,18.121603,4.0537267
Vavuniya,2018,Yala,28.56379,37.4,24.26,351.04,76.132355,20.009672,5.5755553
Vavuniya,2019,Maha,26.836508,38.08,20.29,1194.4299,79.73316,18.473679,4.056981
Vavuniya,2019,Yala,30.025097,38.48,24.43,185.8,68.39131,20.848627,5.938954
Vavuniya,2020,Maha,26.804506,35.41,21.25,1072.46,79.88648,18.153334,4.6224885
Vavuniya,2020,Yala,29.043793,36.86,23.13,374.32,74.37444,20.23562,5.1057515
Vavuniya,2021,Maha,26.32698,34.85,20.07,1506.36,84.08537,18.009104,4.2436323
Vavuniya,2021,Yala,28.575687,35.12,23.34,369.02,77.13536,20.466145,5.3237257
Vavuniya,2022,Maha,26.358208,34.71,19.24,1084.79,82.24071,17.889057,4.283868
Vavuniya,2022,Yala,28.042027,34.3,24.11,514.63,79.77118,19.835033,5.210719
Vavuniya,2023,Maha,26.570425,35.69,19.86,1649.33,82.63065,17.51401,4.341085
Vavuniya,2023,Yala,28.987646,37.06,23.76,311.29,75.44915,20.884642,5.18549
Vavuniya,2024,Maha,27.046667,35.22,21.35,1014.73,82.24887,18.252724,4.4168077
Vavuniya,2024,Yala,29.517124,38.26,24.65,334.48,74.721634,19.76268,5.2446404
Vavuniya,2025,Maha,26.543915,35.23,20.67,1496.22,82.780846,17.442265,4.3122168
Vavuniya,2025,Yala,28.761894,36.15,24.04,314.19,76.88974,20.769478,5.4632025
