N,P,K,temperature,humidity,ph,rainfall
74,56,22,18.28362235,66.65952796,6.829199275,80.97573281
56,37,27,27.709,61.243,7.026,712.404
34,32,35,27.231,51.819,6.407,609.52
96,46,22,20.58314011,69.00128641,6.499936446,66.29390357
40,23,28,27.733,60.14,6.904,673.714
72,30,38,19.648,51.053,7.155,779.549
78,48,22,23.08974909,63.10459626,5.588650585,70.43473609
83,28,29,24.859,61.2,6.36,104.301
37,31,23,28.022,60.205,7.3,663.716
37,26,26,33.368,54.538,6.051,502.73
40,42,41,23.651,55.191,6.63,402.746
54,27,28,28.895,67.043,6.38,663.665
84,44,21,21.869274,61.91044947,5.850439831,107.2681929
46,41,41,23.1,69.5,5.8,135.7
54,43,90,27.994,75.532,6.001,858.767
57,49,110,27.906,80.085,5.916,1219.184
64,38,98,25.759,72.932,5.78,935.947
83,43,38,19.04,68.979,6.66,554.995
41,27,22,25.941,63.737,6.492,681.004
75,28,42,21.3,58.1,6.9,89.8
45,29,27,26.745,59.363,5.749,466.23
57,25,33,26.475,64.375,5.791,665.711
31,47,26,26.275,64.685,6.314,586.155
37,38,39,26.091,69.688,6.206,640.163
29,43,31,28.696,61.255,6.507,762.204
45,36,34,29.246,52.746,5.798,621.757
60,34,31,29.379,36.857,6.835,559.71
77,55,31,23.321,62.89,6.523,63.049
34,31,28,30.422,61.804,5.195,543.311
72,53,78,23.873,79.161,6.15,953.503
44,33,33,24.222,59.87,6.046,525.032
62,48,23,27.8,71.6,6.1,131.4
89,76,116,21.701,78.653,5.221,650.961
64,47,42,24.237,74.751,6.399,81.249
66,33,46,22.532,56.377,6.602,694.039
25,27,24,29.779,54.629,6.427,716.572
47,35,20,30.673,62.157,6.276,667.75
123,77,158,15.76,79.103,6.044,655.722
88,45,22,26.626,73.798,6.901,82.367
47,44,32,23.518,64.917,6.587,81.421
61,53,47,25.599,74.511,6.94,72.726
59,35,35,23.019,51.475,6.306,645.65
128,98,113,18.334,76.476,5.811,640.04
73,60,20,29.5,58.0,6.8,113.7
31,51,25,27.53592929,85.57019009999998,7.196774236,53.01899249
63,50,90,26.074,79.433,5.5,1472.234
70,51,89,23.104,59.145,5.658,1058.123
82,47,35,22.6,78.4,5.7,54.5
48,32,121,29.443,86.276,5.657,972.51
96,54,22,25.70196694,61.33450447,6.960358276,83.20711308
36,23,30,31.028,70.941,7.226,897.002
19,49,42,23.941,63.157,7.406,610.977
60,50,33,26.055,73.354,6.482,104.938
48,20,34,28.357,56.954,6.044,526.953
40,29,39,28.335,64.633,6.512,511.837
47,43,31,23.3,64.5,6.5,79.7
65,58,102,27.966,80.201,6.385,958.389
47,29,52,25.0,56.3,6.4,84.5
37,43,37,25.548,62.083,6.166,801.776
27,51,26,26.691,50.309,7.08,701.124
44,23,31,29.236,56.888,6.088,566.808
67,60,25,24.92162194,66.78627406,5.750254943,109.2162279
63,35,16,22.02720976,65.35549924,6.272417541,83.73280082
55,35,99,22.671,69.51,5.108,945.641
68,50,94,30.502,77.658,5.641,1517.722
64,35,20,28.3,77.4,5.7,105.4
62,51,43,27.9,58.2,6.2,87.1
64,31,40,29.002,56.463,6.793,488.058
73,58,21,19.97215954,57.68272924,6.596060648,60.65171481
34,31,28,27.822,62.069,5.958,589.021
34,47,19,27.31372793,85.44815232,6.568795403999999,53.15223123
39,23,30,31.229,46.502,6.569,445.537
78,43,32,21.836,71.824,6.014,587.088
35,40,28,28.443,52.952,5.97,540.299
77,36,23,24.71417533,56.73426469,6.648725327,88.45361858
79,48,41,24.01,57.602,7.095,551.486
42,27,25,24.602,50.247,6.622,589.807
35,53,42,24.372,71.865,6.37,897.887
37,39,30,25.451,70.074,6.724,740.409
61,42,45,20.685,46.837,6.907,782.051
64,44,31,29.681,55.528,6.364,507.804
70,43,61,29.936,78.991,5.433,1100.509
42,41,24,27.502,61.212,6.904,828.97
43,32,57,24.6,65.2,6.2,61.7
67,33,27,27.941,76.549,5.627,54.109
36,23,22,26.57,57.592,6.446,696.461
52,46,97,25.116,82.32,6.233,944.019
35,33,39,30.319,57.838,6.451,477.822
24,42,23,28.22471276,82.35916228,6.428054409,44.01206619
70,29,38,23.663,63.489,7.081,623.215
28,35,21,30.756,51.516,7.032,621.581
30,33,32,26.589,54.171,7.169,638.96
83,43,99,25.944,71.705,6.08,1014.398
21,58,28,26.874,67.462,7.078,841.155
71,35,24,22.27373646,59.52193158,5.826426917,67.96704792
33,19,21,23.243,63.899,5.807,665.722
26,42,43,23.525,53.209,6.308,905.14
114,74,129,19.315,72.348,5.694,1077.271
55,50,35,23.905,64.365,6.065,588.535
62,52,33,26.9,72.6,6.1,114.1
23,34,49,27.732,58.947,6.901,950.074
41,29,30,28.051,57.852,6.61,390.045
47,21,33,26.903,55.956,6.607,715.621
90,49,21,24.84016732,68.3584573,6.4725232870000005,74.05474936
73,41,64,26.65,72.336,6.199,1020.517
68,33,38,30.88,54.032,7.04,487.05
90,29,36,23.2,74.3,6.5,87.4
40,58,15,29.46416042,87.60890009,6.978400282000001,43.15411472
41,35,40,26.572,66.826,6.383,466.665
70,64,34,21.4,81.6,6.5,68.4
34,57,55,20.3,73.0,7.0,87.0
62,52,16,22.27526694,58.84015925,6.9670577620000005,63.87020584
57,41,49,18.342,69.969,6.299,622.329
44,20,29,26.705,45.47,5.993,441.191
66,32,42,29.308,52.863,6.409,560.686
43,51,47,28.3,76.4,6.1,65.4
75,33,113,25.69,67.927,5.885,1007.642
24,36,34,27.222,58.996,7.047,724.893
51,35,29,30.425,58.716,6.16,538.009
56,58,58,31.8,65.6,6.8,111.6
71,39,122,29.58,67.86,6.071,1648.378
52,59,36,25.8,72.5,6.5,144.1
49,51,21,26.9,76.5,5.7,111.4
60,51,108,31.182,77.388,5.753,1077.096
72,60,25,18.52510753,69.0276233,5.773454729,88.10234397
97,102,129,19.801,68.049,5.303,887.981
30,54,59,30.9,84.1,6.6,60.2
59,32,50,26.353,61.994,6.454,693.833
10,56,16,28.17432665,81.04554836,6.828187498999998,36.35720652
44,45,19,24.468,66.231,6.561,132.922
26,35,30,23.207,59.134,6.81,811.848
59,44,30,27.946,48.559,6.468,387.848
43,40,30,28.353,47.033,6.279,413.521
49,30,41,29.664,55.871,6.835,489.515
89,35,24,26.6,78.9,5.9,142.5
72,61,82,27.493,76.978,5.977,1506.033
46,40,81,22.419,66.868,6.432,804.444
44,32,36,28.608,54.813,5.985,663.821
43,24,20,25.052,53.847,6.721,638.062
27,40,24,27.84026517,89.99615558,7.063022095,52.84626009
80,57,35,27.811,60.308,6.904,59.647
54,27,89,24.951,74.256,6.114,1246.27
37,32,34,27.002,58.464,7.139,642.091
81,49,20,18.04185513,60.61494304,5.513697923,104.2321615
68,36,25,20.2,57.3,6.6,96.2
21,25,24,26.858,58.541,6.675,801.001
35,47,30,30.509,51.132,6.659,849.301
89,53,49,25.087,64.8,6.521,536.154
33,53,31,26.251,69.455,7.007,848.882
71,52,18,25.10787449,55.97732754,5.790770202999999,78.16077693
29,52,34,24.676,78.349,6.607,825.225
94,46,89,28.553,63.352,6.073,1007.893
50,26,35,27.045,68.476,6.204,700.387
76,48,117,26.154,86.684,6.361,836.908
54,40,57,28.205,83.915,6.236,1219.577
30,37,43,25.917,65.646,6.292,832.551
47,40,40,24.174,62.598,6.27,594.239
43,59,33,27.8,59.9,6.2,54.4
43,39,24,30.599,55.801,6.594,631.117
26,45,43,20.699,55.61,6.333,687.66
32,31,37,29.248,60.52,5.913,911.334
31,40,22,29.40889385,86.16063492,6.365513634,53.35486977
38,34,125,29.12,75.372,6.336,705.179
90,44,43,20.38,57.855,6.685,130.185
75,40,42,21.278,50.088,6.579,566.759
73,35,94,26.963,76.874,5.511,1187.834
28,43,25,26.458,65.699,6.127,551.085
26,22,29,27.826,56.447,5.849,469.745
32,34,25,24.954,59.313,6.401,655.023
23,49,29,26.538,51.379,7.031,620.169
27,45,49,27.56,68.438,6.232,765.559
46,29,24,28.12,49.114,6.67,576.952
18,50,37,28.746,54.295,6.183,731.968
76,33,37,17.46,49.694,6.459,779.424
31,56,56,29.401,63.237,5.928,697.726
105,66,148,19.528,76.125,5.571,584.631
36,23,19,30.876,52.771,7.189,388.992
38,28,29,28.17,57.365,5.975,426.899
107,99,89,19.148,66.885,5.35,790.569
50,32,40,25.98,58.756,5.447,687.045
42,36,29,25.035,44.268,6.212,583.416
86,37,16,20.51716779,59.21235483,5.561510732,67.61013737
28,37,41,25.418,68.281,6.193,546.723
36,32,36,28.185,56.476,6.596,533.736
83,39,36,28.119,67.335,6.028,116.264
74,55,19,18.05033737,62.89366992,6.28886807,84.23613484
43,48,29,20.601,69.237,5.685,141.554
14,48,21,29.24598976,84.80084105,6.991242362,53.43228915
36,43,35,28.744,51.013,5.654,353.706
55,30,49,29.4,65.9,6.1,123.0
121,74,109,16.661,69.725,5.228,655.802
35,41,18,28.70562673,81.59200689,6.705008503999999,59.87065439
36,32,40,30.251,49.562,6.492,433.289
30,37,25,29.89129144,80.14487166,7.120032489,54.7960127
87,34,90,25.149,77.647,5.935,1167.798
66,41,52,23.191,64.419,6.571,633.457
65,34,78,27.047,63.599,6.409,991.095
78,60,48,30.2,62.3,6.7,170.5
31,53,27,20.7,72.5,5.5,160.3
78,55,93,29.359,78.173,6.424,1457.475
49,22,29,29.932,59.442,6.353,475.02
72,28,40,28.176,40.666,6.457,582.572
47,39,37,24.487,61.3,6.224,663.458
66,53,19,23.09348056,60.11593810000001,6.033550195,65.49730729
74,47,114,29.245,77.683,6.09,1622.094
81,54,26,20.1,74.7,6.5,120.5
19,40,32,30.275,65.322,6.519,526.558
48,21,37,26.533,52.597,6.235,430.587
76,29,23,25.9,72.2,5.5,95.4
77,63,115,26.818,72.429,5.465,1468.126
114,67,131,16.882,65.661,5.71,612.108
57,49,107,29.259,67.464,6.437,1327.671
92,48,38,21.765,58.28,6.127,780.021
34,35,22,25.958,72.937,6.668,609.165
105,73,124,18.447,73.132,5.192,678.914
68,38,52,20.564,53.246,6.892,826.995
113,71,157,16.217,71.733,5.571,753.197
18,33,29,27.116,60.2,6.444,749.253
55,61,35,25.362,73.126,6.49,145.916
34,28,39,25.009,65.474,6.779,729.919
41,34,27,27.382,55.152,6.158,471.905
34,49,38,31.8,81.5,6.1,150.1
99,39,18,19.20129357,68.30578978,6.11275104,87.85092352
86,45,41,22.941,48.916,6.068,425.074
69,30,77,27.894,72.901,6.005,874.253
64,44,104,24.036,66.404,6.065,1013.87
51,30,31,26.558,64.55,5.972,597.8
103,83,122,23.276,81.307,6.091,562.731
40,57,29,28.123,59.142,6.283,55.583
66,29,37,18.275,58.762,6.296,624.319
10,37,22,28.7275267,89.12760359,7.069747813999999,58.52974279
79,35,49,29.4,84.0,7.2,68.5
25,52,44,25.021,58.911,6.901,529.309
74,30,67,22.725,59.107,6.476,793.848
91,41,25,19.515,63.825,6.884,506.881
30,42,30,23.388,65.306,6.051,823.34
98,35,18,23.79746068,74.82913698,6.252797547999999,91.76337172
39,28,29,29.451,47.967,6.254,548.023
79,62,43,22.0,79.5,6.7,84.2
17,31,35,24.295,59.998,5.968,716.815
30,43,30,24.685,65.552,6.484,615.236
70,47,17,24.612911800000006,70.4162444,6.600827017,104.1626147
68,45,55,32.0,61.7,6.1,82.6
33,41,44,25.65,54.112,5.677,810.806
56,33,28,25.566,59.895,6.412,739.338
71,34,27,27.99,51.813,7.588,401.981
84,30,31,19.661,56.193,5.671,497.157
30,44,33,25.593,66.858,6.878,958.683
65,44,81,24.51,65.449,6.289,1136.714
44,52,34,22.3,78.9,7.4,143.8
2,47,15,29.86860065,85.99127934,6.401455706,58.41394143
28,23,33,27.833,47.929,6.572,372.857
32,38,33,30.373,51.3,6.718,559.649
73,51,47,27.6,61.8,6.0,81.4
92,44,16,18.87751445,65.76816093,6.082973754,94.76189431
37,51,32,25.758,71.85,6.973,508.409
57,56,46,29.4,83.2,7.0,107.4
9,48,22,27.77076285,87.09979549,6.402926221,49.50812624
123,87,124,16.004,62.24,5.348,881.652
130,77,123,20.629,61.648,5.076,701.374
69,52,76,29.683,75.028,6.173,1250.28
36,43,21,28.36319404,84.8593608,7.140437859,52.93031105
50,47,22,27.3,57.1,6.9,63.7
139,106,165,19.621,64.689,5.39,752.145
63,31,34,22.83,57.072,7.331,530.593
13,57,25,28.30041493,86.20681554,6.86308576,50.47333854
27,29,30,24.289,69.616,6.672,626.459
44,50,40,24.382,56.012,6.101,82.658
45,38,27,27.208,53.632,5.692,658.874
48,40,30,28.977,54.785,7.199,466.301
37,28,30,27.098,64.748,6.042,678.728
31,30,31,29.025,55.504,6.418,783.073
17,58,20,28.06642822,85.91625451,6.42937879,39.23831035
58,32,85,21.671,81.551,5.858,864.857
36,43,22,27.82684262,87.16679147,6.3898821660000005,58.37249772
52,22,23,29.398,50.208,6.882,420.788
47,43,50,26.1,56.4,6.4,54.2
54,26,20,25.2,57.5,6.8,55.2
38,50,55,28.666,50.613,6.792,912.719
84,44,98,25.161,75.672,5.418,1246.153
79,35,56,30.3,68.4,6.1,161.2
67,36,35,27.919,60.356,7.458,649.825
54,27,95,27.017,81.873,5.259,1015.111
63,39,28,26.9,61.4,7.3,94.5
59,54,55,31.2,61.1,6.6,158.3
4,36,22,27.60887393,86.13316408,7.012740397000001,43.80041104
64,55,43,18.853,65.058,6.476,498.53
39,39,50,27.932,68.064,6.729,782.502
45,49,47,20.3,61.0,5.7,127.7
29,54,31,28.257,57.873,5.962,816.277
29,50,37,26.437,62.848,7.233,799.324
23,41,27,31.767,59.324,6.763,825.525
46,33,27,25.223,53.345,6.193,750.685
100,108,105,18.648,70.46,5.624,867.739
47,43,36,29.7,66.3,6.6,127.2
55,40,50,28.9,73.7,6.8,139.3
51,56,34,21.7,57.3,5.8,148.0
35,25,25,25.751,52.729,6.736,608.141
43,33,21,31.83,45.801,7.458,731.219
129,77,142,20.278,73.993,5.176,1140.595
58,25,26,24.871,46.186,6.874,586.041
77,37,102,25.996,80.773,6.254,1484.497
37,37,31,25.02,60.921,5.933,556.573
20,34,32,22.236,71.925,6.728,799.969
115,68,147,18.172,78.892,5.533,809.46
62,54,51,17.081,57.937,5.88,463.9
121,76,155,21.301,62.368,5.29,1107.415
27,45,41,28.801,63.549,6.411,533.187
32,35,45,29.305,60.95,6.675,629.631
49,58,44,28.2,66.1,5.8,105.5
31,31,25,25.741,60.68,6.618,545.025
81,37,34,28.347,66.534,6.135,111.637
84,31,24,17.066,53.049,6.33,767.0
73,55,26,25.9,58.7,6.0,147.1
46,32,34,26.146,58.922,7.258,674.888
67,35,22,23.30546753,63.24648023,6.385684213999999,108.7603001
33,30,30,23.414,65.021,5.457,734.496
53,51,46,21.16,79.987,6.757,75.451
34,43,37,26.321,60.132,5.901,470.044
14,37,15,27.96235681,83.97586797,6.581351374,48.9366954
29,38,21,29.81,73.717,6.938,682.783
73,45,21,24.60532218,73.58868502,6.636803222999999,96.59195302
39,24,26,27.742,57.346,6.899,661.81
36,37,26,27.99,59.443,6.339,439.947
139,89,122,19.809,72.36,5.845,858.645
65,44,28,26.803,43.799,6.566,656.725
76,36,47,27.3,73.7,5.8,140.2
63,67,64,27.796,76.489,6.737,1211.077
25,43,46,23.678,67.526,6.372,630.788
35,28,91,23.064,80.845,5.764,1038.454
72,37,65,23.155,82.837,6.138,755.989
66,41,97,26.932,67.186,5.873,1307.661
57,24,39,22.434,69.754,6.7,123.225
77,56,126,25.199,65.017,6.623,957.56
37,57,38,25.209,61.808,6.821,799.372
69,51,23,22.21738222,72.85462807,6.80163854,106.6213157
30,44,16,29.73013036,82.89166381,6.442335592999999,50.91511275
62,48,20,21.70181447,60.47470519,6.708446922,95.71388473
59,55,113,27.673,79.705,5.362,755.993
23,40,37,25.33,66.551,5.206,730.525
44,48,24,21.0,69.7,5.8,142.5
52,45,136,23.214,75.226,6.166,646.863
111,102,120,16.131,70.351,5.74,745.185
32,40,48,27.065,54.672,6.531,556.761
31,36,34,32.657,53.568,6.601,514.081
63,36,30,28.3,56.4,6.1,68.2
37,26,35,27.248,51.575,6.041,372.613
88,33,45,24.21,62.507,5.555,136.326
70,52,52,27.748,73.527,6.731,53.636
33,43,28,31.378,52.79,6.058,717.658
60,34,130,26.935,70.411,5.775,1326.084
41,51,80,23.056,64.885,5.483,874.627
25,38,47,27.032,66.896,6.457,747.902
68,63,42,26.3,73.1,7.0,59.3
60,31,39,22.1,79.7,7.4,76.2
82,57,39,28.069,59.9,6.747,55.938
24,47,35,27.553,54.722,6.731,916.772
37,37,26,27.764,62.767,6.054,355.709
81,28,76,27.978,76.208,5.605,910.443
44,22,31,25.93,54.363,7.25,690.545
51,40,31,28.138,59.375,6.29,602.777
26,48,46,27.429,69.08,6.085,870.693
46,25,29,29.339,58.222,5.223,703.344
50,46,50,19.966,57.605,6.725,760.493
41,45,90,23.394,67.709,6.487,822.677
60,46,22,24.89364635,65.61418761,6.625404347999999,87.9298085
25,44,51,25.799,56.428,6.806,721.931
25,27,35,30.666,54.833,6.653,683.855
76,29,28,24.245,64.668,6.611,406.14
86,42,40,28.0,68.3,6.4,78.8
50,22,26,29.313,62.511,6.87,584.949
23,29,50,25.119,69.131,6.024,734.047
41,26,28,24.846,59.405,6.494,599.999
35,23,38,26.001,46.83,5.913,480.268
77,57,21,24.9321581,73.80435276,6.550563822999999,79.74078719
63,33,30,26.1,76.7,6.4,91.3
37,50,23,29.65296893,88.48587386,6.5304707,56.01913159
51,57,36,25.68,73.026,6.532,141.671
80,47,31,23.8,60.3,6.8,85.8
36,26,28,25.1,82.9,6.5,176.2
70,45,33,25.991,77.952,5.79,63.742
52,34,21,24.8,65.4,5.8,86.8
37,37,33,21.424,74.495,6.51,778.408
86,57,41,22.558,59.411,5.845,53.563
56,29,23,30.604,49.474,6.941,451.673
39,37,15,28.9973145,83.78911515,6.821747052,59.84499208
98,44,21,25.77175115,74.089114,6.524478032,107.4931917
67,51,24,23.50297882,61.32026065,5.584171461,64.77791424
73,47,42,28.439,49.849,6.704,555.483
38,33,40,21.839,64.233,6.836,148.575
70,35,30,25.481,49.251,6.079,357.71
41,29,38,23.961,63.624,5.874,786.785
61,35,79,25.585,59.812,5.851,1125.309
91,46,40,19.49,61.316,6.56,859.73
35,32,54,20.8,70.4,6.0,136.2
34,46,44,23.248,70.168,7.174,812.642
51,41,19,27.434,58.064,6.73,621.344
64,65,33,25.3,77.3,6.0,157.9
37,43,41,31.635,74.141,5.865,563.016
39,40,28,28.411,55.691,6.181,641.819
80,59,40,24.8,63.2,6.3,134.9
36,30,29,32.154,65.234,6.713,412.585
51,28,26,31.629,66.294,6.908,547.9
89,46,44,20.236,57.12,6.667,128.633
54,29,41,31.007,46.419,6.675,660.854
45,24,45,27.241,49.508,7.319,528.21
51,39,32,28.685,49.666,6.346,406.336
38,33,32,27.017,54.163,7.048,646.717
44,47,24,20.992,70.131,5.845,144.492
19,35,24,27.11030369,83.64274107,6.883308033,49.11964582
76,48,18,19.29563411,69.63481219,5.77597783,83.21030571
61,24,83,26.769,76.907,6.293,1029.623
27,38,32,22.22,58.985,5.94,860.094
61,29,37,19.2,56.607,7.041,573.118
51,57,78,29.354,68.094,5.541,1171.547
67,27,36,22.012,57.101,6.663,711.592
106,97,88,19.109,78.893,6.375,746.075
32,20,22,26.104,61.142,5.908,520.064
47,34,37,28.636,68.318,6.706,437.142
51,37,38,27.8,58.3,5.5,82.3
36,33,39,30.731,54.794,6.898,668.848
24,25,24,28.413,56.756,5.845,579.567
28,33,29,24.66,54.358,6.366,730.506
81,45,23,19.32666088,68.03449300000001,6.192360002999999,84.22969177
70,36,27,32.673,55.284,6.316,605.692
77,51,35,23.501,62.4,6.482,63.35
78,40,20,26.0,78.3,6.7,96.7
74,43,23,25.95263264,61.89082199,6.325235159,99.57981207
30,29,43,23.568,69.155,6.819,541.804
55,58,21,21.681,58.256,6.547,65.394
51,29,30,30.295,50.789,6.274,545.238
57,46,39,22.9,61.9,5.6,174.6
49,20,27,28.694,57.199,6.676,438.165
52,25,33,24.773,52.188,6.922,508.654
62,39,124,31.028,80.415,6.206,1251.331
61,44,17,26.10018422,71.57476937,6.931756557999999,102.2662445
35,48,39,27.935,63.922,6.583,790.725
76,55,46,18.102,69.481,6.573,764.865
49,29,49,28.258,48.652,6.785,671.372
37,30,31,30.642,56.233,5.411,546.634
29,41,34,24.829,65.318,6.487,788.517
76,32,106,22.245,74.518,5.651,1134.279
46,45,30,20.818,45.354,6.874,693.688
42,48,39,29.399,61.468,6.913,762.785
21,32,39,24.026,73.797,6.289,747.811
23,39,22,29.25649321,81.97952224,6.86483915,42.02483277
89,29,49,23.0,65.7,6.4,113.5
44,25,25,27.99,52.851,7.358,566.568
25,20,41,31.358,62.56,6.024,672.283
95,40,35,19.071,67.166,6.787,656.733
50,32,32,24.376,53.912,6.616,569.096
40,28,47,28.878,50.713,6.713,658.416
37,40,42,25.679,42.258,7.12,653.118
82,45,71,28.368,68.303,5.553,1542.092
79,55,21,30.0,71.6,6.5,59.0
35,29,33,30.203,55.775,7.326,443.806
61,63,44,31.1,83.6,5.5,149.2
45,40,24,24.969,53.2,6.777,635.893
51,36,110,23.606,75.279,6.261,1150.906
37,28,34,29.895,55.323,7.009,552.059
43,21,31,30.375,47.787,7.643,596.412
68,61,105,29.631,80.88,5.695,1380.26
68,19,38,26.184,54.757,6.419,554.948
62,42,45,20.646,46.155,6.05,661.424
24,38,40,25.836,68.806,6.944,905.143
36,38,33,29.76,64.023,7.265,714.627
45,30,35,26.948,42.136,6.201,558.451
72,56,21,28.3,70.8,6.6,85.5
48,28,94,22.321,76.605,5.519,906.703
76,42,43,26.145,60.661,5.574,664.097
71,61,103,26.067,69.504,5.344,1262.503
23,45,23,28.77653519,86.69133979,6.983130466,56.12443206
75,56,18,19.39851734,62.35750641,5.696205468,60.95197486
46,25,39,30.809,54.415,6.382,412.956
54,35,36,27.675,54.749,6.548,545.782
53,32,38,27.992,65.192,7.143,703.246
54,59,32,24.1,60.4,6.4,81.7
41,27,35,26.5,52.978,6.469,542.392
33,65,32,24.9,81.3,6.1,152.4
54,44,64,26.278,59.914,6.261,1191.998
14,57,15,29.8757015,83.14796296,6.623438282,40.12044158
101,72,139,17.419,68.552,5.602,809.533
94,42,39,19.309,52.647,6.684,521.376
76,31,49,21.534,71.854,6.194,85.504
83,44,78,28.595,73.631,6.21,1536.474
37,38,39,26.676,50.708,6.326,690.464
35,43,38,23.576,61.585,6.619,703.483
38,63,58,26.8,76.6,5.6,127.7
11,46,24,27.65280218,89.80650642,6.459252023,56.52558045
38,26,31,27.496,65.601,5.487,572.462
58,27,82,22.457,62.989,5.16,1207.128
91,55,15,18.09300227,72.61024172,6.376651091,78.96159541
20,45,17,28.17458662,83.69659318,6.770955317,37.2464655
67,33,28,27.5,75.4,5.7,56.7
45,38,32,27.642,58.335,6.422,379.01
59,51,39,29.0,65.0,6.2,66.5
23,40,45,31.471,66.04,6.836,819.664
88,38,15,25.08239719,65.92195844,6.455116637000001,62.49190812
113,85,118,22.265,66.036,5.373,1049.502
49,36,36,27.894,57.608,6.617,485.068
81,59,28,22.478,68.294,6.452,437.126
93,81,168,17.738,75.192,5.659,1055.807
33,48,48,27.133,52.816,6.748,782.993
4,59,25,27.68515114,81.94268594,6.227134139,54.62243308
32,36,43,29.018,59.932,6.976,696.169
48,37,34,28.542,56.476,6.116,824.783
28,44,37,27.785,65.887,6.841,858.968
49,33,25,28.291,53.517,6.85,552.939
71,60,52,24.8,83.4,5.6,147.5
51,39,77,26.747,76.485,6.134,1072.459
127,105,134,17.786,65.662,5.765,797.723
42,29,39,27.177,51.904,6.408,485.997
29,36,36,28.603,60.066,6.318,729.677
6,47,18,29.16174608,80.28038146,6.715276662999999,40.16545979
29,56,35,23.899,67.412,6.279,538.983
61,41,17,25.1420613,65.26185135,6.021902237000001,76.68456006
111,101,99,20.309,75.978,5.779,901.907
36,55,20,27.01470397,84.34262707,6.635968697999999,55.296354
47,54,99,25.487,79.246,6.016,1150.064
89,55,39,22.208,59.336,5.653,50.137
47,31,37,29.4,74.5,6.2,87.6
63,45,40,24.4,75.8,6.6,81.2
26,44,40,21.247,64.135,6.503,885.819
40,43,49,26.3,63.4,5.6,129.9
37,23,32,27.411,58.53,6.648,738.082
52,30,40,21.013,62.267,6.722,526.194
64,60,78,29.315,83.257,5.742,1402.568
90,45,33,25.9,55.6,6.9,98.2
62,49,32,26.234,71.852,6.164,112.441
44,49,83,24.623,74.278,5.671,978.377
97,97,139,22.139,63.259,5.706,877.656
75,32,49,25.886,62.344,6.253,774.282
50,25,43,27.2,65.8,6.4,108.4
42,39,22,30.963,49.119,6.105,676.986
53,44,35,32.584,63.537,5.729,652.059
63,51,114,25.44,67.832,6.552,1196.95
81,56,58,28.232,72.616,6.648,1488.282
77,54,54,27.99,73.631,6.72,55.005
50,29,43,29.662,62.822,6.158,394.456
31,20,35,28.7,51.385,6.65,510.015
87,48,25,18.65396672,61.37879671,6.656730007999999,93.62039175
73,40,51,22.051,63.35,6.582,735.944
2,39,15,28.07219563,82.9116472,6.478557136,49.61865305
76,39,24,24.2547451,55.64709899,6.995843776,64.23845455
52,34,19,24.643,64.693,5.812,85.63
31,26,25,29.353,62.703,6.894,670.309
29,41,24,29.648,64.822,5.926,588.955
45,39,24,29.642,62.123,6.404,577.646
64,33,32,25.726,75.992,6.491,90.62
49,26,27,25.831,52.989,6.551,785.988
71,29,111,24.588,72.68,6.097,1170.311
68,59,111,28.277,85.156,6.402,1043.024
55,36,78,25.354,62.202,5.857,1019.487
33,43,25,27.095,57.651,6.278,594.641
75,34,108,21.945,72.224,5.508,1186.922
88,48,87,29.473,71.543,6.001,1298.895
40,29,32,25.117,49.358,6.253,796.361
36,18,38,26.459,58.089,5.84,696.19
26,29,43,30.832,56.738,6.792,784.77
61,52,51,20.9,76.9,7.2,111.4
29,31,33,30.048,70.393,7.196,726.254
24,24,40,25.293,67.607,6.3,486.358
64,51,45,28.803,57.331,6.248,85.449
45,29,32,25.129,51.703,6.571,530.531
65,33,29,26.3,64.0,5.6,61.8
110,96,119,20.322,78.465,5.669,885.648
104,74,158,21.605,70.649,6.146,915.859
68,26,30,24.38,71.187,6.841,94.973
49,41,27,26.499,48.062,5.985,582.429
69,43,35,26.0,78.3,5.7,61.7
32,36,37,29.071,45.865,6.349,622.953
74,53,50,27.7,72.5,6.8,54.0
44,52,40,28.6,72.4,5.6,147.6
73,39,32,18.78,56.875,6.145,552.357
46,26,35,26.785,49.07,7.32,490.066
74,44,47,22.9,56.3,5.9,109.1
48,50,102,27.901,77.822,6.199,1698.544
37,37,32,24.251,50.098,7.326,654.977
19,55,20,27.43329405,87.80507732,7.18530147,54.73367631
24,44,17,29.8596912,80.03499648,6.666380512000001,50.66487502
19,36,23,30.606,56.155,6.272,760.94
28,46,16,29.008124,84.96089355,6.664187809,45.91011391
38,32,52,29.886,68.557,7.162,821.925
60,35,56,20.126,54.641,6.345,751.378
48,50,21,21.7,56.3,6.4,118.1
83,47,96,24.883,66.74,6.485,1126.874
102,73,165,17.143,68.814,5.6,1077.429
40,39,36,29.287,47.94,6.363,490.367
91,62,160,19.152,72.172,5.136,684.042
60,38,17,18.41932981,64.23580251,6.474476516,76.41312437
46,32,43,24.461,50.742,6.944,527.994
55,51,44,21.1,79.9,6.8,78.4
54,38,40,31.126,51.99,6.288,519.775
36,60,39,29.4,82.4,6.0,145.7
26,54,17,28.5474135,88.9570454,6.27258822,49.4897245
54,37,25,25.174,41.31,6.592,403.124
118,90,139,21.251,74.608,5.981,766.33
4,40,21,28.79728147,80.45744422,6.725551062,44.30070517
78,32,35,19.063,60.252,6.458,576.813
89,68,118,19.641,69.37,5.781,737.553
76,26,68,29.147,78.884,6.529,1360.505
60,28,42,22.356,59.184,6.748,606.782
57,36,43,21.343,60.493,6.739,501.212
85,69,140,19.455,57.536,5.876,1112.749
61,63,28,22.9,63.2,5.6,86.3
68,52,84,25.466,77.729,6.219,1087.719
31,30,25,28.625,50.41,5.592,569.664
37,33,33,25.983,61.843,7.059,550.459
74,48,110,27.295,76.398,5.88,943.409
47,48,116,28.137,67.86,5.195,864.654
19,39,17,29.2808618,81.8009244,6.890156495,44.47427436
73,34,37,24.109,71.261,6.033,748.777
32,46,40,29.864,57.774,6.812,622.609
38,27,60,20.9,59.0,7.2,125.4
76,45,97,26.525,76.759,5.815,824.707
86,54,38,28.0,61.0,6.8,55.7
27,56,20,29.2114218,87.11497805,6.41874299,51.53848218
66,45,44,31.6,77.0,6.2,72.7
72,55,43,22.533,53.359,6.234,602.14
82,55,20,30.139,69.765,6.404,57.183
99,36,20,20.57981887,65.34583901,6.671085817000001,78.34604471
33,27,44,26.778,71.139,6.187,701.035
84,31,40,22.518,63.389,6.97,475.247
63,54,122,29.91,73.324,5.517,1151.431
88,59,25,25.9,74.6,6.7,144.6
41,34,31,25.026,64.122,5.87,612.837
19,53,22,27.8640132,80.4513142,6.852884642999999,42.83053902
11,60,23,27.33684386,88.50229102,7.033012777000001,51.09802625
56,28,40,22.8,71.5,6.6,126.9
23,33,42,26.281,61.525,6.641,451.141
70,48,56,24.22,55.126,5.981,822.565
52,26,23,29.752,45.389,6.928,597.117
51,41,28,25.938,62.027,7.199,631.579
106,90,158,17.334,70.307,6.339,588.845
60,62,50,26.8,69.9,5.6,95.3
32,55,21,20.706,61.383,6.099,541.3
95,38,22,19.84939404,61.24500053,5.730617109,100.7689246
40,34,22,29.95,59.674,6.491,514.901
35,27,42,29.765,64.15,6.023,729.636
56,39,130,27.615,69.206,6.112,1127.93
62,42,38,28.8,56.0,6.6,70.1
69,36,87,29.178,77.509,5.914,1155.67
66,44,20,19.0781471,69.02298571,6.740000687999999,80.72515943
28,25,27,27.869,54.656,7.526,666.598
74,40,86,26.796,80.593,6.261,799.132
44,24,34,24.694,52.732,6.574,738.716
54,42,119,21.779,72.65,6.082,1062.489
38,37,38,22.136,59.632,6.007,584.496
26,30,32,27.011,60.056,6.307,816.956
21,43,39,27.776,61.887,6.741,878.391
47,35,37,25.924,61.517,5.651,467.625
79,73,123,18.693,71.534,5.871,1035.207
69,38,30,28.284,63.726,7.094,75.697
63,48,32,25.306,74.609,6.387,100.802
75,42,101,26.943,62.629,6.536,1258.177
100,48,16,25.71895816,67.22190688,5.54990242,74.51490791
57,41,44,20.8,67.2,6.2,143.8
57,44,26,26.3,64.0,6.3,123.7
44,55,121,30.439,75.253,5.538,849.608
23,59,25,27.826262300000003,88.73100226,6.320768488,56.68833819
52,37,31,28.516,45.248,6.664,490.55
42,31,33,30.19,55.407,7.383,544.014
55,23,27,27.209,49.369,6.106,515.216
60,50,37,20.918,42.065,6.658,672.109
35,39,30,29.481,65.502,6.441,802.259
37,37,78,22.602,70.38,5.732,915.197
55,43,48,25.8,60.0,6.7,121.5
61,60,15,24.87502824,68.74248334,6.265564338,91.26056654
64,64,102,25.568,68.041,6.15,1240.071
34,25,41,31.821,71.637,6.265,519.651
44,48,39,24.2,56.0,6.2,83.0
66,29,33,18.172,51.79,6.316,476.459
74,58,18,20.03728219,56.35606753,6.727303282,109.024141
28,35,22,29.53037621,86.73346018,7.156563094,59.87232071
51,39,39,26.626,60.137,6.82,731.545
71,29,35,15.705,50.378,6.68,495.725
89,80,95,21.717,65.094,6.101,784.246
48,35,81,28.485,83.29,5.257,1511.477
40,26,39,22.4,75.4,5.9,137.7
37,42,31,28.334,58.789,6.9,664.343
77,52,17,24.86374934,65.7420046,5.714799723,75.82270467
79,45,20,23.80546189,59.24537979,5.715208817000001,89.96220140000001
37,39,39,30.914,63.815,6.793,583.437
63,43,17,19.28889933,65.47050802,6.807487794,71.3195307
50,57,45,28.652,66.901,5.753,110.521
86,57,38,22.694,57.107,5.742,45.337
35,30,41,33.064,53.774,6.505,558.157
76,54,33,24.6,66.1,6.0,141.8
87,28,105,28.197,82.372,5.558,1347.933
40,31,30,28.842,48.381,5.753,588.657
99,104,134,18.126,74.42,5.933,948.519
40,38,28,27.136,46.828,5.648,555.723
40,51,17,28.66086349,86.12194568,6.860602782000001,50.01534317
60,47,21,27.585,71.866,6.099,137.339
48,31,27,25.449,67.771,7.245,684.11
63,61,87,27.391,80.356,6.337,1253.033
54,24,40,25.027,62.365,5.941,490.664
50,30,18,25.82,48.306,6.067,449.253
69,32,41,20.2,82.8,6.0,55.1
51,26,28,30.962,64.62,6.868,440.007
48,33,42,20.677,62.786,6.715,849.733
59,47,113,25.778,69.331,5.477,732.823
48,42,21,28.63,57.837,6.734,731.941
22,31,30,27.725,51.773,6.978,404.718
25,42,33,26.922,59.192,6.244,621.168
34,32,29,26.468,63.873,6.081,819.785
52,42,38,21.5,75.6,6.0,64.4
86,38,22,21.9,58.2,6.2,72.7
29,39,23,26.495,50.603,5.327,664.865
1,59,23,27.46852989,87.17649,7.184398832,43.78420984
44,29,37,20.747,63.629,6.909,148.985
49,40,126,31.337,83.217,6.091,1331.806
61,52,45,20.9,68.4,6.3,61.3
34,59,23,28.56212158,83.24855855,6.935804256,56.48265193
87,35,25,25.962,78.406,5.887,141.055
76,28,38,23.718,57.14,7.04,673.519
73,48,80,29.097,74.672,5.819,839.401
56,39,42,28.307,61.635,7.056,409.935
87,35,25,21.44526922,63.1621551,6.178056304,65.88951188
22,56,17,29.87888063,87.32761241,6.89077995,44.75215854
36,27,56,26.3,77.3,7.1,147.4
41,39,37,28.73,60.469,6.399,610.312
61,45,22,25.72,68.689,5.656,64.298
29,43,30,22.265,69.605,6.265,787.092
34,40,35,27.303,57.127,6.904,884.314
48,30,45,30.718,62.19,7.653,676.601
25,31,35,23.918,62.914,5.859,613.891
55,55,101,27.733,73.446,6.014,1289.408
53,42,36,26.327,43.421,6.215,601.303
37,30,22,26.631,48.428,6.49,738.813
45,33,29,28.119,45.447,5.978,623.6
30,54,43,27.746,61.577,6.882,669.618
44,44,25,20.6,83.4,6.0,115.5
51,28,31,29.723,57.595,6.434,753.661
48,31,89,21.001,67.124,6.299,957.831
129,94,128,21.218,70.955,5.76,971.906
43,51,48,20.829,62.089,5.555,128.86
45,37,25,27.269,52.623,5.424,733.631
29,38,25,28.381,61.605,6.184,745.439
105,71,115,16.674,61.102,5.466,793.379
61,55,48,25.6,76.0,7.0,64.2
86,38,22,22.012,58.375,6.008,76.964
28,34,21,22.519,72.35,6.049,621.933
70,26,51,23.981,53.113,6.558,814.448
43,24,23,28.444,56.552,6.536,519.578
34,45,24,30.765,59.07,6.111,551.708
71,33,27,30.462,49.327,6.587,514.352
54,46,41,22.2,61.5,5.7,50.1
46,53,40,28.488,73.45,5.542,144.572
28,43,43,25.68,55.871,6.336,558.359
57,59,31,27.0,61.6,7.0,127.9
68,57,50,20.738,63.553,6.092,505.079
29,29,30,30.206,61.57,7.167,575.208
78,61,92,28.105,71.915,6.491,1502.998
50,41,36,26.365,68.042,6.95,800.736
98,83,131,17.516,73.337,5.905,949.645
68,40,19,26.14384005,66.20569924,6.655426355,107.2361366
53,34,117,25.091,72.144,6.289,1149.637
33,37,19,27.92678579,86.5543196,7.183189922,43.4826194
31,47,34,30.4,77.4,7.3,78.1
37,25,41,25.841,59.279,6.838,503.806
99,50,15,18.14710054,71.09445342,5.573286437,88.07753741
44,23,30,29.543,70.909,7.349,680.801
107,87,99,19.428,73.406,5.72,1000.497
28,34,29,20.585,70.635,6.22,502.445
39,47,41,27.895,54.707,6.942,720.493
44,20,48,27.253,49.882,7.068,470.579
40,38,33,27.9,79.9,5.5,78.6
49,40,34,24.3,65.5,6.9,110.6
42,24,28,26.365,46.734,6.838,435.676
79,51,16,25.33797709,68.49835977,6.586244581,96.46380213
41,25,33,31.012,47.514,6.509,562.657
36,23,39,30.403,63.608,5.661,751.941
72,39,98,25.832,86.721,5.745,1540.508
39,25,37,31.198,61.453,6.92,492.741
43,41,72,23.857,71.53,6.145,1088.426
37,25,35,29.946,51.476,7.394,366.41
21,44,18,27.06909959,86.89934108,7.12851089,50.46746116
43,28,23,25.343,53.236,6.36,651.717
74,39,23,22.6265115,65.77472881,6.78073637,88.17251033
74,36,23,29.2,60.8,5.6,105.5
28,21,34,32.221,54.098,6.849,648.024
74,48,17,21.63162756,60.27766379,6.430616465,69.21803098
47,57,104,29.306,79.18,6.67,1265.361
78,27,45,21.5,59.5,6.4,137.5
82,54,21,22.8,63.4,5.8,81.4
29,29,27,27.38,56.787,6.74,393.142
60,33,108,26.533,64.385,6.245,693.947
101,86,127,21.022,78.913,5.972,970.826
67,49,72,28.472,69.227,5.581,1577.549
57,28,31,27.916,45.461,6.883,538.783
27,36,29,29.794,51.566,6.183,693.322
20,50,50,27.262,55.092,6.238,866.213
31,29,31,30.189,63.409,6.943,556.0
26,27,42,25.789,65.378,6.322,672.333
18,43,17,24.789,47.014,6.006,461.368
79,28,42,20.938,72.003,6.101,84.786
65,35,29,26.644,63.715,5.663,61.356
55,60,39,26.4,84.3,5.9,89.2
38,24,28,29.51,50.814,6.906,595.587
53,53,48,23.5,72.1,6.1,122.1
106,105,98,17.416,64.566,5.999,730.499
35,51,28,26.825,55.505,6.323,496.597
38,39,37,29.654,64.222,7.015,728.563
125,79,110,21.948,66.984,6.013,908.777
60,57,24,18.66116213,61.55327249,6.1212940410000005,75.03247667
54,32,30,25.632,46.483,7.458,657.51
45,28,20,24.812,64.739,6.372,528.34
98,88,91,19.57,77.686,5.744,921.136
112,106,96,20.948,76.517,5.305,1082.248
25,38,38,31.703,57.361,6.937,447.853
0,49,18,29.68361658,87.93598094,6.990095452,41.82490236
54,43,27,25.865,47.769,7.534,459.133
20,41,20,29.27308605,89.4875022,7.073048264,50.9246554
47,37,28,25.931,64.15,6.407,768.603
44,40,35,28.684,57.202,7.446,692.734
65,60,22,25.36768364,72.52054555,6.6069840860000015,107.9124111
40,30,38,25.392,54.977,6.61,628.096
38,29,18,28.359,46.956,6.217,414.627
62,41,41,24.2,69.0,5.8,153.6
64,42,20,25.6,70.8,5.7,64.0
51,20,28,28.596,64.009,6.258,565.453
38,31,34,27.085,51.314,6.807,503.433
38,42,36,25.924,42.058,7.206,653.546
45,36,29,29.335,46.048,5.747,633.315
37,25,33,27.102,67.757,5.233,527.321
33,31,35,27.762,68.213,7.314,694.727
37,41,17,26.783,54.413,6.765,610.709
34,33,31,31.527,52.009,6.248,455.308
61,59,17,23.33844615,59.24580604,6.47444292,105.0083144
40,31,43,28.623,56.1,6.688,494.692
25,45,33,27.732,51.4,5.989,721.115
20,45,22,29.5888162,89.9939693,6.904587016,54.96121262
66,39,44,24.706,60.574,5.877,506.832
65,26,34,29.532,43.949,6.393,581.684
123,85,170,21.435,59.975,5.58,1032.782
27,46,27,27.001,51.489,6.458,679.209
53,30,25,24.609,54.731,6.477,492.421
61,38,20,18.47891261,62.69503871,5.970458434,65.43835393
44,45,44,20.3,65.9,5.8,90.9
47,19,28,29.28,63.441,6.809,764.512
52,41,39,21.11,74.276,6.015,69.05
31,23,33,30.013,52.261,6.574,594.837
35,39,26,30.698,69.049,6.463,683.607
84,57,25,22.53510514,67.99257471,6.489040367,64.40866039
78,37,22,25.34217103,63.31801994,6.330554389,74.52082026
78,44,62,24.004,66.493,5.086,893.328
70,44,19,23.31689124,73.4541537,5.852607099,94.29712821
47,35,46,29.3,79.3,6.9,63.4
39,28,41,28.625,51.594,5.265,642.591
21,39,20,28.14448546,82.1193047,7.064782137999999,46.75690086
32,57,22,28.6899851,87.50436797,6.769415887999999,44.56598352
46,37,39,28.945,62.668,6.198,413.606
78,42,113,25.998,57.141,5.674,860.828
73,38,44,17.748,52.497,6.756,609.099
23,35,39,30.993,60.914,6.299,844.754
90,43,33,23.9,57.0,6.6,93.4
47,45,37,30.1,70.6,7.2,108.0
32,39,23,25.016,55.654,6.525,643.726
74,58,39,25.191,41.769,6.911,602.167
31,37,21,27.23924995,86.404241,6.713410626,37.31236904
77,39,79,24.408,74.873,5.305,1203.024
24,27,37,27.892,57.231,6.473,493.303
36,43,27,22.4,81.6,7.1,95.4
28,38,42,30.134,59.915,6.286,849.113
76,55,32,24.354,65.085,6.019,139.254
32,38,25,26.055,56.474,6.647,618.391
46,45,20,24.7,68.1,6.6,129.9
46,56,118,30.255,82.479,5.972,891.003
55,60,46,22.3,56.5,5.9,79.4
47,25,43,30.119,46.506,6.924,559.471
25,59,19,29.06631494,83.6869203,6.626629798,43.95183726
52,28,30,25.849,54.021,5.6,814.164
78,55,73,26.784,75.555,5.647,1246.512
25,34,35,26.458,65.258,5.649,456.253
99,56,17,24.10859207,73.13112261,6.234330356,71.07562236
54,40,37,25.85,54.842,6.397,634.114
52,34,30,27.596,58.701,7.3,511.558
35,34,43,24.883,55.7,6.514,446.911
57,53,119,28.661,71.775,6.33,1253.358
37,34,22,28.345,54.652,7.472,689.692
94,54,17,23.39128187,61.74427165,5.871647806,107.3198135
37,26,39,26.292,56.735,6.628,674.002
64,45,119,26.768,65.858,5.41,1274.092
60,31,36,29.971,60.518,7.011,750.19
54,20,35,24.87,54.61,6.471,581.118
80,43,16,23.55882094,71.59351368,6.657964753,66.71995467
69,29,58,22.0,73.8,6.2,133.4
125,96,95,18.082,57.781,5.67,843.732
39,32,31,27.638,58.149,6.385,450.331
71,54,85,24.684,66.087,5.784,1291.984
29,38,23,25.239,53.183,6.123,491.183
55,39,35,29.46,66.115,7.12,646.076
60,50,57,20.1,60.4,7.3,121.4
55,30,24,25.1,65.1,6.2,61.9
80,28,27,25.9,57.4,6.4,67.1
84,50,36,22.194,58.742,6.134,490.902
61,36,27,28.844,51.507,7.265,556.618
65,26,45,19.907,51.58,6.538,699.679
33,63,42,31.9,78.1,5.7,135.3
33,22,34,25.139,65.307,6.11,526.613
86,101,126,21.219,55.947,5.832,971.892
30,36,37,27.954,68.605,6.384,602.959
56,25,27,26.263,48.773,6.313,646.613
35,36,31,31.979,52.78,7.161,496.146
33,57,17,27.89636126,88.71782287,6.78415271,57.79863368
120,81,134,21.368,73.58,5.255,783.736
85,28,42,22.6,78.4,5.9,62.3
55,58,20,22.3,58.3,6.5,62.2
59,26,30,29.838,63.027,6.515,565.581
79,36,126,25.932,68.981,6.204,950.709
21,51,15,29.36488409,89.1886954,6.679127482,48.30159325
29,36,34,26.435,54.197,6.901,350.219
62,64,45,21.7,84.2,7.3,169.8
103,66,113,17.576,57.864,5.579,731.845
52,34,45,26.061,54.631,7.167,591.63
39,34,71,29.44,69.009,5.913,930.21
82,33,40,22.848,63.455,6.304,716.062
60,40,85,26.51,76.856,5.484,740.802
57,40,37,21.874,70.556,7.229,402.652
30,39,33,29.172,44.722,6.756,709.038
61,34,38,28.258,50.925,6.57,554.155
25,40,21,27.73329078,81.13903037,6.248900919,44.17580911
70,32,35,27.265,41.783,7.595,490.182
34,50,22,26.109,58.709,7.159,898.232
23,30,40,27.118,60.736,6.926,480.047
29,36,25,28.28511547,88.4393979,7.130278657000001,48.56690235
61,44,38,27.015,70.686,5.976,133.277
38,37,37,27.735,58.154,6.358,397.133
86,34,42,24.5,61.8,5.6,140.3
142,68,142,17.924,60.008,5.86,722.566
69,31,87,23.555,62.467,5.778,1052.512
43,25,34,30.474,53.059,6.227,453.969
66,50,35,17.752,64.177,5.919,529.694
42,34,20,29.392,58.698,6.016,559.36
23,48,39,24.634,62.336,6.943,728.486
69,32,43,29.021,42.95,7.066,693.614
50,42,31,30.2,68.4,6.0,148.7
69,43,50,27.6,77.3,6.6,111.9
34,30,26,29.2,79.0,6.7,161.4
98,50,114,26.079,68.95,5.623,1171.44
45,40,32,25.6,83.3,7.0,78.0
91,47,33,17.501,62.157,6.363,637.933
89,28,35,22.821,76.3,6.352,86.113
34,53,24,28.329,67.785,6.695,607.978
53,47,26,25.7,70.0,6.7,170.6
65,18,43,27.779,48.746,5.709,576.874
68,30,102,29.338,80.539,6.232,1419.11
72,38,54,22.5,57.7,5.7,59.3
43,36,28,28.804,55.729,6.835,657.367
114,97,126,17.642,72.196,5.931,1051.525
123,64,150,20.786,80.653,6.179,910.116
45,28,25,26.098,60.855,6.493,538.077
48,44,17,25.021,66.835,6.72,123.212
31,35,31,25.296,72.877,5.741,424.311
91,42,33,23.567,58.423,6.661,93.313
70,42,38,21.236,60.649,6.701,658.231
53,24,45,29.93,42.145,6.392,583.756
77,79,153,18.04,70.137,5.294,748.91
124,89,107,20.962,63.511,5.089,761.955
58,38,94,28.773,76.051,6.211,1452.679
53,40,103,29.02,73.86,5.526,1717.781
85,39,125,27.372,70.006,6.53,1392.213
61,55,114,25.886,71.843,6.278,887.725
57,44,57,25.2,78.0,7.1,90.1
41,31,32,24.914,51.11,7.031,412.429
77,58,19,22.8056033,56.50768935,5.791649933,101.5952794
24,44,43,26.569,63.253,6.068,655.449
57,24,27,26.768,63.665,6.845,691.14
87,41,26,21.2,67.6,6.6,113.0
111,73,106,22.221,79.997,5.716,887.293
83,45,21,18.83344471,58.75082029,5.716222912,79.75328959999999
43,23,25,29.722,45.462,5.681,593.154
23,39,33,25.185,70.661,6.201,472.258
69,27,33,20.6,81.0,6.1,130.5
59,34,70,28.873,70.944,5.457,1295.313
34,52,32,26.278,57.416,6.156,790.137
40,28,28,26.179,47.729,6.42,482.692
34,60,25,29.78416743,85.16906976,6.79385576,40.77872823
34,57,41,28.93,57.832,5.819,752.868
70,51,40,22.5,82.5,7.2,160.3
71,45,53,26.171,66.682,6.447,744.434
29,21,27,27.174,59.981,6.29,692.312
31,34,23,29.767,61.405,6.045,398.256
53,50,83,26.59,77.343,5.194,877.161
52,20,28,23.296,67.867,6.222,643.656
20,58,46,25.156,72.14,6.469,838.127
87,54,20,25.61707368,63.4711755,6.576418207000001,108.8303762
55,25,33,24.839,49.586,6.547,490.01
1,48,24,29.34594634,85.60472562,6.232836962,59.03629954
10,59,22,28.60901145,86.99495766,7.1556850160000005,36.94616965
39,40,20,30.62,66.196,5.877,456.928
40,63,35,27.983,59.206,6.126,55.658
42,32,29,29.351,46.924,7.257,409.094
45,20,39,30.525,57.593,6.974,600.054
85,44,24,26.8,73.6,7.0,82.6
36,23,21,25.612,53.113,6.312,444.264
57,50,60,27.602,70.344,5.98,1146.428
89,47,44,20.2,57.7,6.7,129.7
34,45,21,28.18837136,82.60629652,6.2873801170000005,37.01110438
75,49,15,21.53574127,71.50905983,5.918263801,102.4852929
24,53,17,28.95451232,89.07866095,6.421271178,57.65901369
9,57,24,29.89232778,89.71503316,7.165121108999998,42.99498978
37,51,55,20.9,78.0,6.1,78.2
29,17,33,31.502,48.287,6.187,624.858
42,26,27,23.255,64.63,7.229,614.45
85,53,46,22.426,58.254,5.697,768.345
92,76,116,20.012,71.716,5.962,960.846
145,89,143,22.7,65.538,6.109,884.457
77,41,111,28.807,70.17,6.78,1276.365
42,38,103,25.565,60.739,6.096,985.284
49,24,34,28.587,50.97,7.119,495.476
75,44,45,23.661,51.473,6.604,570.892
29,51,39,29.689,58.481,6.725,631.678
79,90,104,21.523,69.436,5.624,616.563
35,30,33,31.472,55.719,7.602,572.51
23,39,37,25.951,60.474,6.404,561.494
38,49,40,23.883,73.003,5.836,560.319
54,38,34,29.061,62.401,6.693,440.973
44,64,39,25.1,81.4,6.0,166.2
39,35,20,28.654,68.907,6.495,551.79
43,28,24,25.604,55.918,6.357,689.971
59,43,32,32.604,55.484,6.9,599.052
111,86,101,22.466,73.058,5.755,526.859
31,53,16,28.7420098,85.81675947,6.452006451,48.54598575
65,40,102,26.886,80.912,6.178,1122.355
91,77,118,18.284,65.681,5.374,646.171
47,30,103,24.41,70.512,6.525,872.391
25,48,21,28.438097,83.48991368,6.267684328,52.55469976
38,42,26,23.243,55.156,6.153,672.112
63,42,21,23.26237612,72.33125523,5.798423907999999,67.10225139
31,23,32,29.287,70.403,5.751,517.304
42,32,28,27.8,79.3,6.3,64.4
29,47,35,30.851,65.19,7.024,613.493
28,24,37,24.996,53.873,6.965,802.856
41,25,20,22.984,72.522,6.16,544.36
37,29,27,27.2,54.037,5.406,694.513
35,32,30,27.044,54.779,6.322,641.741
56,57,22,22.313,57.999,6.558,56.243
115,75,123,18.163,62.58,5.417,836.804
49,41,36,31.653,63.626,6.167,601.422
64,31,57,27.9,76.7,6.7,173.9
70,24,50,20.057,54.581,5.805,716.363
24,29,25,28.589,61.384,7.178,462.07
79,36,31,28.669,67.327,5.999,113.882
48,27,34,26.768,52.676,6.363,499.994
42,37,23,31.359,52.164,6.112,409.627
81,41,42,21.841,60.082,6.699,652.767
45,35,28,31.294,53.253,7.129,468.452
40,33,38,21.2,64.1,6.9,149.5
104,86,161,20.077,64.94,5.489,864.393
47,30,35,31.2,73.2,6.9,142.8
30,24,30,23.059,59.958,6.467,515.595
99,102,144,21.948,64.654,5.772,693.574
67,29,31,24.3,71.3,6.8,95.4
8,54,20,28.3340432,80.77275974,7.034214276,38.7976407
47,28,40,27.718,58.005,5.779,654.755
38,37,65,23.726,61.904,5.937,1015.574
68,41,16,21.77689322,57.80840636,6.158830619,102.0861694
18,48,49,23.228,60.894,6.965,843.349
113,95,138,21.005,77.119,6.072,619.423
56,39,53,28.529,74.447,6.963,139.231
74,45,36,22.764,48.276,6.329,622.399
68,33,30,32.481,52.017,5.865,551.984
87,77,146,20.604,66.859,5.388,667.608
62,45,47,29.2,67.6,6.3,130.0
54,27,41,27.209,66.277,6.413,109.832
35,34,36,29.974,50.304,6.939,653.68
9,48,20,29.66461594,84.28187572,6.377568542000001,56.09542002
88,91,106,17.277,69.62,5.778,779.601
30,31,28,26.667,57.864,5.99,667.037
61,34,87,29.411,69.285,6.414,1385.751
47,26,45,29.255,62.489,7.538,658.733
79,53,55,27.577,70.711,5.878,1625.921
57,50,88,27.644,78.972,5.549,960.422
24,29,25,29.386,43.046,6.494,461.388
29,31,36,25.944,61.185,6.121,579.649
27,44,35,24.668,70.019,6.064,891.794
57,57,47,21.862,55.552,5.9,79.102
70,60,85,26.92,63.777,5.174,902.706
111,86,158,20.714,70.362,5.669,668.657
17,47,45,30.699,50.048,6.363,790.308
91,88,117,17.28,65.159,5.98,910.926
54,38,33,26.739,59.658,5.482,616.411
76,38,33,27.647,56.08,7.465,610.141
38,39,26,27.408,59.62,5.944,686.244
45,33,35,24.412,53.542,5.928,595.966
30,28,20,28.939,67.678,5.749,733.684
99,65,128,19.133,68.184,5.892,643.459
46,36,35,27.832,52.356,6.524,569.508
74,57,24,28.562,70.17,6.772,80.543
58,31,119,22.522,66.904,6.477,1202.433
22,54,20,28.56149805,83.63802195,6.689825155,41.013132
63,43,19,18.51816776,55.53128131,6.641906353,90.988051
59,42,24,22.395,61.1,6.441,93.919
64,35,23,23.02038334,61.89472002,5.680361037999999,63.03843397
33,39,40,26.731,70.478,6.641,879.758
23,40,37,27.562,49.756,6.548,881.645
79,55,29,19.927,74.39,6.584,117.465
64,28,99,25.231,72.088,5.267,1175.755
34,35,21,28.44524991,82.67639542,6.684381357,58.18713162
58,37,38,23.76,59.089,6.851,636.962
29,35,32,26.44,57.61,6.129,783.148
41,34,124,27.248,78.251,5.863,952.922
48,39,54,24.055,48.277,6.004,614.746
6,37,17,28.08657178,80.35005927,6.760694227999999,38.14476781
46,52,33,28.092,59.659,5.948,117.855
63,20,30,32.567,46.665,7.274,561.719
50,32,16,27.771,43.36,6.678,458.341
83,58,23,19.74213321,59.66263104,6.381201909,65.50861389
57,46,54,25.529,80.604,6.291,1112.161
67,26,28,28.5,55.6,6.4,133.7
65,46,97,27.152,78.149,6.471,1069.778
87,47,62,28.249,82.23,5.488,1064.188
18,31,51,23.202,66.538,6.866,785.67
30,20,29,23.62,59.686,6.119,734.29
61,38,28,28.895,57.334,6.26,712.181
43,33,39,24.203,54.545,5.428,510.034
62,32,39,24.498,51.175,6.829,606.145
67,30,89,24.803,74.194,6.149,1129.118
64,35,47,31.9,84.7,6.6,133.1
61,46,41,26.5,71.3,6.0,128.7
76,42,122,28.151,79.98,5.462,1306.625
22,43,26,28.917,53.755,6.441,530.413
27,34,32,22.98,58.424,6.582,690.173
4,44,19,27.95639663,83.52706038,6.921993877999999,43.25726752
51,22,35,28.076,49.209,6.784,576.496
21,38,21,29.75538903,86.45193297,6.637677489,37.54602719
42,32,85,23.808,70.113,5.954,1160.122
64,35,33,16.927,50.33,7.047,712.815
89,60,19,25.19192419,66.69029010000001,5.913664501,78.06639649
32,56,21,27.38538997,88.66663953,6.702772465,58.29933073
32,45,53,23.8,78.2,7.0,159.8
9,35,20,27.41503453,80.98004661,6.91380932,40.53173216
45,50,92,20.938,66.213,5.719,957.495
59,44,69,28.529,71.527,6.077,1168.979
70,45,75,21.156,79.374,6.079,961.845
52,41,86,27.371,64.221,6.004,1167.947
35,31,43,25.3,68.3,5.6,154.4
6,48,24,28.6362812,84.61431076,6.790736339,48.48319335
38,25,18,25.568,55.899,5.85,483.438
33,47,35,29.246,68.474,7.15,520.105
43,34,31,30.828,54.953,7.753,591.472
51,37,100,24.287,64.426,6.563,1128.648
76,44,17,20.41683147,62.55424820000001,5.855442401,65.27798457
68,39,75,22.409,73.772,6.376,1046.662
40,40,30,24.672,50.346,6.368,636.279
71,59,21,29.601,56.895,6.839,110.847
43,57,31,27.249,60.66,5.842,119.959
36,54,30,28.498,59.96,6.474,735.258
83,76,140,20.583,75.789,5.383,907.83
2,38,18,27.53632932,89.92908171,6.619891497999999,45.48591922
75,48,33,28.497,71.429,6.376,69.93
86,26,29,24.7,60.6,6.4,106.6
80,46,101,22.484,67.863,5.428,969.117
57,40,42,21.02,67.32,6.185,152.352
128,107,117,21.952,64.424,5.938,869.843
80,39,45,25.0,76.9,6.8,54.3
47,34,30,25.707,52.925,6.67,603.367
44,53,28,26.231,64.302,6.956,968.433
40,22,31,26.773,60.357,6.286,529.854
109,70,145,17.338,70.373,5.785,996.964
58,51,38,25.824,57.319,5.547,115.331
86,36,24,26.54986394,72.89187265,5.787268394,73.33636055
99,106,131,21.062,71.301,5.787,895.978
94,39,18,23.89114571,57.48775781,5.893093135,102.8301942
38,36,21,28.02952623,84.8845732,6.5563729660000005,36.12042927
58,44,39,30.223,61.377,7.244,653.782
130,85,140,21.338,71.561,6.026,923.174
53,27,91,23.903,71.44,6.082,1031.604
28,22,17,30.769,53.479,7.024,536.109
49,49,25,22.4,77.7,7.5,170.7
57,53,39,26.157,74.186,5.672,104.052
36,55,29,27.707,62.438,6.024,681.939
65,41,70,25.924,64.817,6.016,884.496
44,41,51,26.481,55.541,6.362,54.144
83,30,36,17.874,66.394,7.468,584.747
59,49,99,30.516,73.134,5.575,956.024
32,37,45,27.293,62.837,6.239,701.873
53,41,29,30.917,47.308,6.714,560.678
41,50,65,27.352,78.186,6.673,1122.696
70,45,80,27.991,66.407,5.647,1484.254
29,32,21,26.346,46.04,6.176,499.303
55,28,37,29.473,50.418,7.564,480.134
63,48,34,25.7,74.1,6.5,105.4
53,27,25,26.976,65.933,7.133,592.762
39,36,34,27.596,60.438,5.563,620.085
37,37,38,29.617,62.22,5.64,514.05
101,80,129,23.281,69.5,6.169,792.089
27,29,39,24.428,51.296,6.346,543.254
63,38,44,20.006,53.608,6.491,493.491
49,45,106,21.755,64.71,6.251,676.921
38,45,89,21.868,64.368,5.379,866.192
99,92,125,21.805,82.38,5.423,1042.182
25,21,31,29.784,48.739,6.423,527.156
76,51,18,26.16985907,71.96246617,6.247040422,79.84925393
75,27,87,26.548,81.786,5.256,797.406
35,32,32,23.493,49.831,6.461,643.212
59,33,39,29.87,63.656,6.352,488.352
67,38,29,28.1,62.9,6.9,79.1
